moneyness,time_to_maturity,kappa,theta,vov,rho,sigma,IV
0.9066298272398102,0.0382605043427606,1.3253,0.0354,0.3877,-0.7165,0.0174,0.09777770131461383
0.9482672860163744,0.0083534619126121,1.3253,0.0354,0.3877,-0.7165,0.0174,0.10550752497830143
0.9667289901459684,0.0739234831290739,1.3253,0.0354,0.3877,-0.7165,0.0174,0.11248271420811898
1.0163144048518389,0.114846440274512,1.3253,0.0354,0.3877,-0.7165,0.0174,0.13831922997884744
0.988993766756772,0.0136971466833705,1.3253,0.0354,0.3877,-0.7165,0.0174,0.11272122990894472
0.9355869152982136,0.0494063027940894,1.3253,0.0354,0.3877,-0.7165,0.0174,0.10343774523594235
0.9678583505422516,0.0767122815032519,1.3253,0.0354,0.3877,-0.7165,0.0174,0.11309582853026899
0.977487386905148,0.008404567000122,1.3253,0.0354,0.3877,-0.7165,0.0174,0.11841891773887944
1.0164783592942177,0.1917994723190218,1.3253,0.0354,0.3877,-0.7165,0.0174,0.1398380644999215
0.978529740212848,0.0330297966935253,1.3253,0.0354,0.3877,-0.7165,0.0174,0.1201250211289488
0.9969577359065128,0.0191559277210811,1.3253,0.0354,0.3877,-0.7165,0.0174,0.12070264169756374
0.9843484962977456,0.0711500148763882,1.3253,0.0354,0.3877,-0.7165,0.0174,0.12137506549053616
1.0008147894971244,0.0548795818250928,1.3253,0.0354,0.3877,-0.7165,0.0174,0.1322214740925513
1.002649862796562,0.1916086364457513,1.3253,0.0354,0.3877,-0.7165,0.0174,0.1326320537752847
1.0250237157156372,0.0136194672277652,1.3253,0.0354,0.3877,-0.7165,0.0174,0.1294496944776613
0.95697332849163,0.0109689263290035,1.3253,0.0354,0.3877,-0.7165,0.0174,0.10956213495360016
0.9949214519250148,0.0903947222922959,1.3253,0.0354,0.3877,-0.7165,0.0174,0.1273777112970821
1.0220735652160606,0.0110686364422249,1.3253,0.0354,0.3877,-0.7165,0.0174,0.14221351871808854
1.0112389886508877,0.0190230338791116,1.3253,0.0354,0.3877,-0.7165,0.0174,0.12795022654446112
0.9240417273872148,0.145088462509384,1.3253,0.0354,0.3877,-0.7165,0.0174,0.10208341541085751
0.9319066914658348,0.1342192716682201,1.3253,0.0354,0.3877,-0.7165,0.0174,0.10291604301484407
0.9773694975436988,0.145298299977086,1.3253,0.0354,0.3877,-0.7165,0.0174,0.12077117497385602
0.932824631992642,0.0547704714150123,1.3253,0.0354,0.3877,-0.7165,0.0174,0.1004961511629241
0.9561313499609804,0.027373725915775,1.3253,0.0354,0.3877,-0.7165,0.0174,0.10378583057077487
0.9211634134074176,0.019249825996331,1.3253,0.0354,0.3877,-0.7165,0.0174,0.10136967192388392
1.0483918057542798,0.0082828639900038,1.3253,0.0354,0.3877,-0.7165,0.0174,0.15405193598906977
0.9959279563965292,0.032954290487447,1.3253,0.0354,0.3877,-0.7165,0.0174,0.12961085649590987
1.0047996997286703,0.035815201925827,1.3253,0.0354,0.3877,-0.7165,0.0174,0.13399323649801856
0.9513274845788662,0.0546733363242507,1.3253,0.0354,0.3877,-0.7165,0.0174,0.10516957874853493
1.026801677606702,0.1918771152516567,1.3253,0.0354,0.3877,-0.7165,0.0174,0.14429805954520092
0.9502418483512132,0.013649232845687,1.3253,0.0354,0.3877,-0.7165,0.0174,0.0959132559916753
0.985239991312766,0.1452256320062391,1.3253,0.0354,0.3877,-0.7165,0.0174,0.12473684383136335
0.9928591760910294,0.0162554569268428,1.3253,0.0354,0.3877,-0.7165,0.0174,0.11760432399707936
1.011393466062043,0.0657667172359521,1.3253,0.0354,0.3877,-0.7165,0.0174,0.13759654939400956
1.0482562814936225,0.0931673477969531,1.3253,0.0354,0.3877,-0.7165,0.0174,0.15383306637539265
1.0115842051357966,0.0739774768615673,1.3253,0.0354,0.3877,-0.7165,0.0174,0.13768385293002608
1.0677873240699478,0.0164130377132028,1.3253,0.0354,0.3877,-0.7165,0.0174,0.1483178780102203
1.011459224883149,0.0165037013517698,1.3253,0.0354,0.3877,-0.7165,0.0174,0.13747887074871265
1.0038424247253996,0.0493829221515857,1.3253,0.0354,0.3877,-0.7165,0.0174,0.13377864267338488
1.1065813793293795,0.1917705117356525,1.3253,0.0354,0.3877,-0.7165,0.0174,0.17217351807907552
1.019315224825167,0.0465441496759759,1.3253,0.0354,0.3877,-0.7165,0.0174,0.1373005888564872
0.9881557593787892,0.1452712050240203,1.3253,0.0354,0.3877,-0.7165,0.0174,0.12617996954253308
0.9181206111498028,0.010845729759368,1.3253,0.0354,0.3877,-0.7165,0.0174,0.10104004914891963
0.995924268903129,0.0765368145795702,1.3253,0.0354,0.3877,-0.7165,0.0174,0.12763143978987787
1.005538304740217,0.1342498971825276,1.3253,0.0354,0.3877,-0.7165,0.0174,0.13473849920096545
1.0725583395568414,0.0190718828477212,1.3253,0.0354,0.3877,-0.7165,0.0174,0.15237282813349048
0.9950593172531176,0.085010406299145,1.3253,0.0354,0.3877,-0.7165,0.0174,0.12934430320418522
0.9443148072963484,0.0548406163308947,1.3253,0.0354,0.3877,-0.7165,0.0174,0.10555914078513204
0.9282263862432208,0.0081247744430582,1.3253,0.0354,0.3877,-0.7165,0.0174,0.10050097891089592
0.9572162058404092,0.0383117086284623,1.3253,0.0354,0.3877,-0.7165,0.0174,0.10595309087410823
0.946337539169228,0.0492828096768079,1.3253,0.0354,0.3877,-0.7165,0.0174,0.10313714368061301
0.9075088502541928,0.0767306500395559,1.3253,0.0354,0.3877,-0.7165,0.0174,0.10151636825568121
1.0018257868686462,0.0521590189938933,1.3253,0.0354,0.3877,-0.7165,0.0174,0.13270889785230836
1.033789940306833,0.0766747852587414,1.3253,0.0354,0.3877,-0.7165,0.0174,0.14527768689395948
1.0055946037384635,0.0355706597871971,1.3253,0.0354,0.3877,-0.7165,0.0174,0.12956945389578312
1.0172959713544851,0.1342942084499012,1.3253,0.0354,0.3877,-0.7165,0.0174,0.14024406561412586
1.0153765777454624,0.0494148598190854,1.3253,0.0354,0.3877,-0.7165,0.0174,0.13943840374986202
0.9794966221070782,0.0191883242934845,1.3253,0.0354,0.3877,-0.7165,0.0174,0.12083953618059314
0.954051249945392,0.0137707428265017,1.3253,0.0354,0.3877,-0.7165,0.0174,0.10816729956790556
0.956057663609804,0.0356463641362839,1.3253,0.0354,0.3877,-0.7165,0.0174,0.10936614361656784
1.0288689752905296,0.0767450943606413,1.3253,0.0354,0.3877,-0.7165,0.0174,0.14568988700181665
0.997793355000983,0.027406164580254,1.3253,0.0354,0.3877,-0.7165,0.0174,0.1307216856776841
0.961045930392414,0.1452382819252233,1.3253,0.0354,0.3877,-0.7165,0.0174,0.11313244654379061
0.9842208092068512,0.0740759507542939,1.3253,0.0354,0.3877,-0.7165,0.0174,0.12358268088684969
1.0045153133082667,0.0355142105594253,1.3253,0.0354,0.3877,-0.7165,0.0174,0.12914386046728468
0.9501029253392328,0.0138007591591698,1.3253,0.0354,0.3877,-0.7165,0.0174,0.10661378205268252
0.9444657035273274,0.0275013556434844,1.3253,0.0354,0.3877,-0.7165,0.0174,0.10516747636231123
1.1067213496134678,0.1918117770913252,1.3253,0.0354,0.3877,-0.7165,0.0174,0.17340142148078752
0.9648682558174484,0.0109576225871198,1.3253,0.0354,0.3877,-0.7165,0.0174,0.09802930438114617
1.0482163004901133,0.016397797385536,1.3253,0.0354,0.3877,-0.7165,0.0174,0.14123555078478892
0.9551775537381082,0.0492431150571337,1.3253,0.0354,0.3877,-0.7165,0.0174,0.10616703870481083
0.9939779526166456,0.0848233814574193,1.3253,0.0354,0.3877,-0.7165,0.0174,0.1268223794891086
1.0123725284190186,0.0107879303438681,1.3253,0.0354,0.3877,-0.7165,0.0174,0.12065414419129245
0.9395739881915618,0.1917535241550607,1.3253,0.0354,0.3877,-0.7165,0.0174,0.10595733301336625
1.0532534302077727,0.076491832959908,1.3253,0.0354,0.3877,-0.7165,0.0174,0.15343656214394252
0.9940313036376148,0.0685407541202432,1.3253,0.0354,0.3877,-0.7165,0.0174,0.12878210878494084
0.984501851989094,0.0957286796450253,1.3253,0.0354,0.3877,-0.7165,0.0174,0.12225620964217764
1.048582541112233,0.0273693664560842,1.3253,0.0354,0.3877,-0.7165,0.0174,0.14672090882639924
0.9658068791507756,0.0189478126264652,1.3253,0.0354,0.3877,-0.7165,0.0174,0.10589110597037026
0.9504903268900812,0.0766134261458205,1.3253,0.0354,0.3877,-0.7165,0.0174,0.10589640700250143
0.9958621117939588,0.0493637157520915,1.3253,0.0354,0.3877,-0.7165,0.0174,0.12968448187739226
1.1647911699907736,0.0192332241931443,1.3253,0.0354,0.3877,-0.7165,0.0174,0.19325079662477032
1.053300124829036,0.0081826636755925,1.3253,0.0354,0.3877,-0.7165,0.0174,0.12823258148929564
1.0016300689986817,0.0657304506186776,1.3253,0.0354,0.3877,-0.7165,0.0174,0.12997203866881812
1.013423980149313,0.0656684213663422,1.3253,0.0354,0.3877,-0.7165,0.0174,0.13577102670042154
0.9949661078125162,0.0875985765875493,1.3253,0.0354,0.3877,-0.7165,0.0174,0.12737178864631307
1.0133191854717225,0.0329907395565038,1.3253,0.0354,0.3877,-0.7165,0.0174,0.1383866377878916
0.9065005057451296,0.0547623588774859,1.3253,0.0354,0.3877,-0.7165,0.0174,0.09887234350185614
1.053128386355765,0.1918584305006477,1.3253,0.0354,0.3877,-0.7165,0.0174,0.15491124801903633
0.9707488013729606,0.0328203608693569,1.3253,0.0354,0.3877,-0.7165,0.0174,0.11140996426137154
0.9553155593562334,0.0384179962018344,1.3253,0.0354,0.3877,-0.7165,0.0174,0.10905099962619932
1.0259390433501328,0.1451886598059867,1.3253,0.0354,0.3877,-0.7165,0.0174,0.14276374229814007
1.0143694658446702,0.0657048718153324,1.3253,0.0354,0.3877,-0.7165,0.0174,0.13617978330973857
0.9765422727190292,0.0109298355957981,1.3253,0.0354,0.3877,-0.7165,0.0174,0.10339897216032323
1.0794689319175867,0.1452321519583799,1.3253,0.0354,0.3877,-0.7165,0.0174,0.1650247003375121
1.013495661302203,0.0959041289659609,1.3253,0.0354,0.3877,-0.7165,0.0174,0.13855723081633278
0.9979061500354616,0.1453975999429547,1.3253,0.0354,0.3877,-0.7165,0.0174,0.13096855493947404
1.0530240874083532,0.1451236264576517,1.3253,0.0354,0.3877,-0.7165,0.0174,0.15388685121165055
1.029109814785403,0.0959195788641798,1.3253,0.0354,0.3877,-0.7165,0.0174,0.14570577386368877
0.9775879505087728,0.0139861377080766,1.3253,0.0354,0.3877,-0.7165,0.0174,0.1185811347968145
0.9727610463505532,0.076598033375025,1.3253,0.0354,0.3877,-0.7165,0.0174,0.1156091810987327
0.9920608556521294,0.0876980033767652,1.3253,0.0354,0.3877,-0.7165,0.0174,0.12783993863706172
0.9910376016013914,0.0521664210771156,1.3253,0.0354,0.3877,-0.7165,0.0174,0.12706949459529887
0.9611005551643635,0.1451170271011724,1.3253,0.0354,0.3877,-0.7165,0.0174,0.11207697645510661
0.9950908769553372,0.0081600413981551,1.3253,0.0354,0.3877,-0.7165,0.0174,0.10595631048999248
1.0531628054265905,0.1151814996469142,1.3253,0.0354,0.3877,-0.7165,0.0174,0.15553706239022622
0.9805861293485554,0.0191671391518719,1.3253,0.0354,0.3877,-0.7165,0.0174,0.11247702822042335
0.9552635233957526,0.0959445073771023,1.3253,0.0354,0.3877,-0.7165,0.0174,0.10983153378591909
1.0774037334462627,0.0959818483708995,1.3253,0.0354,0.3877,-0.7165,0.0174,0.16483946612689904
0.9472922089838884,0.0767988093355204,1.3253,0.0354,0.3877,-0.7165,0.0174,0.10670223937551263
1.002680276448093,0.0270748397535344,1.3253,0.0354,0.3877,-0.7165,0.0174,0.12719977801165128
1.0581365099738491,0.1450598188947844,1.3253,0.0354,0.3877,-0.7165,0.0174,0.15587206028761122
0.9996509139981726,0.0738449818704069,1.3253,0.0354,0.3877,-0.7165,0.0174,0.12938839629136456
0.9970142373835869,0.0301922316969435,1.3253,0.0354,0.3877,-0.7165,0.0174,0.13021509846202822
1.008631402037343,0.0274383007556606,1.3253,0.0354,0.3877,-0.7165,0.0174,0.13621265086848103
0.9540591636765788,0.0108191997243618,1.3253,0.0354,0.3877,-0.7165,0.0174,0.09450122083417502
0.9162478691234452,0.1916556029992594,1.3253,0.0354,0.3877,-0.7165,0.0174,0.1022139742792935
1.096853796434169,0.1452002656441335,1.3253,0.0354,0.3877,-0.7165,0.0174,0.1693504370439873
0.961834746263545,0.0767003863094893,1.3253,0.0354,0.3877,-0.7165,0.0174,0.11030260093303251
0.9318048717668403,0.035716252896042,1.3253,0.0354,0.3877,-0.7165,0.0174,0.10263038268879589
1.038669581548462,0.0494201016874148,1.3253,0.0354,0.3877,-0.7165,0.0174,0.1500283255109386
1.000757536871349,0.0164198706143366,1.3253,0.0354,0.3877,-0.7165,0.0174,0.12083847905661961
1.021233282672106,0.0273385335044865,1.3253,0.0354,0.3877,-0.7165,0.0174,0.13529872604557502
1.0066290439856291,0.0165473756356541,1.3253,0.0354,0.3877,-0.7165,0.0174,0.13487540121509753
0.9929331675431244,0.0082313095190506,1.3253,0.0354,0.3877,-0.7165,0.0174,0.12805104525195113
1.111586454265949,0.1151463569969343,1.3253,0.0354,0.3877,-0.7165,0.0174,0.17606019485708652
0.9949344563888836,0.0933545880394194,1.3253,0.0354,0.3877,-0.7165,0.0174,0.12922306080784904
1.135780074787191,0.1151250320921101,1.3253,0.0354,0.3877,-0.7165,0.0174,0.18340300889877587
1.0385885281811125,0.1918356879153475,1.3253,0.0354,0.3877,-0.7165,0.0174,0.1492075563086384
1.036563042816763,0.0192442177239114,1.3253,0.0354,0.3877,-0.7165,0.0174,0.14923055466235716
0.9940185040999452,0.0657416560254427,1.3253,0.0354,0.3877,-0.7165,0.0174,0.12610626530785418
0.9630369602614774,0.0494257144272747,1.3253,0.0354,0.3877,-0.7165,0.0174,0.11246957997405997
0.9649757914466156,0.0355923778266136,1.3253,0.0354,0.3877,-0.7165,0.0174,0.10897030020998451
0.9213578348724532,0.0547615858851556,1.3253,0.0354,0.3877,-0.7165,0.0174,0.09924706767679725
1.0269695289764236,0.0383079161351763,1.3253,0.0354,0.3877,-0.7165,0.0174,0.13989090494248504
1.0006419356898053,0.0383221559538802,1.3253,0.0354,0.3877,-0.7165,0.0174,0.12747778302101656
1.0464087148088543,0.1452638452848656,1.3253,0.0354,0.3877,-0.7165,0.0174,0.15265184528149378
0.9348924152247184,0.0274772086374701,1.3253,0.0354,0.3877,-0.7165,0.0174,0.10305554918454388
0.942480730850998,0.0191857506716506,1.3253,0.0354,0.3877,-0.7165,0.0174,0.1047505270241701
1.0017419320165877,0.0657601990485282,1.3253,0.0354,0.3877,-0.7165,0.0174,0.13279546732046618
0.996971345575514,0.054562290294257,1.3253,0.0354,0.3877,-0.7165,0.0174,0.1273023045412838
1.0144663394337938,0.0328027374912538,1.3253,0.0354,0.3877,-0.7165,0.0174,0.13341906509256776
1.0007071337015518,0.0165509142735351,1.3253,0.0354,0.3877,-0.7165,0.0174,0.13181922919782826
0.972748939489814,0.0850680682690237,1.3253,0.0354,0.3877,-0.7165,0.0174,0.11765253019708735
1.0086725889957529,0.0658614564290899,1.3253,0.0354,0.3877,-0.7165,0.0174,0.13616434497136967
1.02891976065976,0.0875687467888843,1.3253,0.0354,0.3877,-0.7165,0.0174,0.14348970605585581
1.0174301115495756,0.0328544484216733,1.3253,0.0354,0.3877,-0.7165,0.0174,0.13468823373609437
1.0076519989878885,0.0739904437627156,1.3253,0.0354,0.3877,-0.7165,0.0174,0.1357473751178576
1.0503263069593567,0.1453609292175781,1.3253,0.0354,0.3877,-0.7165,0.0174,0.15415416088096556
0.9989072586887532,0.145232568422012,1.3253,0.0354,0.3877,-0.7165,0.0174,0.13153392739856998
0.9900462996780512,0.0272350183883235,1.3253,0.0354,0.3877,-0.7165,0.0174,0.12047200709533123
1.0035889098615294,0.0328089165251301,1.3253,0.0354,0.3877,-0.7165,0.0174,0.12819054805148122
0.9260015729168064,0.0192208710992908,1.3253,0.0354,0.3877,-0.7165,0.0174,0.10182819716926672
1.002788476421295,0.1148652796719507,1.3253,0.0354,0.3877,-0.7165,0.0174,0.13188734078282358
0.93190992266347,0.1448854957731126,1.3253,0.0354,0.3877,-0.7165,0.0174,0.10327801435533845
0.9319761206591116,0.1150304642963221,1.3253,0.0354,0.3877,-0.7165,0.0174,0.1024664563116175
0.9977659001078816,0.0108198754558537,1.3253,0.0354,0.3877,-0.7165,0.0174,0.1139368936618995
0.9805931469274034,0.0191186245716255,1.3253,0.0354,0.3877,-0.7165,0.0174,0.11262318477759754
0.9919293936762518,0.0656942941234012,1.3253,0.0354,0.3877,-0.7165,0.0174,0.1250757040812126
1.0221838536220769,0.1451751696154991,1.3253,0.0354,0.3877,-0.7165,0.0174,0.14112401918342385
1.0066964386640285,0.0657850830177676,1.3253,0.0354,0.3877,-0.7165,0.0174,0.1352639660800988
0.9599916422838672,0.0084027364787334,1.3253,0.0354,0.3877,-0.7165,0.0174,0.10968696828983068
0.9677756556372212,0.0547042987973577,1.3253,0.0354,0.3877,-0.7165,0.0174,0.11209442287693179
1.0307613375252065,0.0108460447241006,1.3253,0.0354,0.3877,-0.7165,0.0174,0.1279380855061199
0.9931302272324314,0.0300719722222012,1.3253,0.0354,0.3877,-0.7165,0.0174,0.12243412361409589
1.0249762009479098,0.1917076382056886,1.3253,0.0354,0.3877,-0.7165,0.0174,0.14255849416944824
0.9230351507412908,0.0549417709288652,1.3253,0.0354,0.3877,-0.7165,0.0174,0.1018066348292203
1.1550412406260078,0.0191832886047304,1.3253,0.0354,0.3877,-0.7165,0.0174,0.19078610799428686
1.031013158986468,0.0382374212306412,1.3253,0.0354,0.3877,-0.7165,0.0174,0.14178886244364988
1.014371924280079,0.0491346154197799,1.3253,0.0354,0.3877,-0.7165,0.0174,0.13543073163670558
0.9976971190947186,0.0107801758400479,1.3253,0.0354,0.3877,-0.7165,0.0174,0.11411469152499173
0.9590476617924504,0.0383272760406649,1.3253,0.0354,0.3877,-0.7165,0.0174,0.10668442260178354
0.946346541433708,0.0108728428803199,1.3253,0.0354,0.3877,-0.7165,0.0174,0.09196012499879692
1.0103603648423702,0.0520492144726458,1.3253,0.0354,0.3877,-0.7165,0.0174,0.1334839613787557
1.0336581123371993,0.0191387882994568,1.3253,0.0354,0.3877,-0.7165,0.0174,0.13736504604691255
0.9598802502372102,0.0082387878273779,1.3253,0.0354,0.3877,-0.7165,0.0174,0.11072322757934
0.9511292243385004,0.0083003012126924,1.3253,0.0354,0.3877,-0.7165,0.0174,0.10680896605006755
0.999676026341175,0.0191454116724794,1.3253,0.0354,0.3877,-0.7165,0.0174,0.12206275265974639
0.9786142641956592,0.0164441596228093,1.3253,0.0354,0.3877,-0.7165,0.0174,0.12036268779643464
0.9656257820795674,0.1918111914421617,1.3253,0.0354,0.3877,-0.7165,0.0174,0.11608831063557326
0.9666240914048142,0.0547949497749367,1.3253,0.0354,0.3877,-0.7165,0.0174,0.11436668491277688
1.1550814899283446,0.1149213930067992,1.3253,0.0354,0.3877,-0.7165,0.0174,0.18682586945752708
0.9706738758044776,0.1918334382688071,1.3253,0.0354,0.3877,-0.7165,0.0174,0.11835364105094177
0.9310282999306322,0.1918636853359175,1.3253,0.0354,0.3877,-0.7165,0.0174,0.10486873113181623
1.0435277361884685,0.0958821316812324,1.3253,0.0354,0.3877,-0.7165,0.0174,0.14973129748956304
0.9648983410428476,0.0192820860732939,1.3253,0.0354,0.3877,-0.7165,0.0174,0.1129509603136918
0.9861261167652235,0.054817330304451,1.3253,0.0354,0.3877,-0.7165,0.0174,0.12456641625096476
0.998054221527352,0.0272161263404454,1.3253,0.0354,0.3877,-0.7165,0.0174,0.12457536294800828
1.106553234890863,0.051970112138362,1.3253,0.0354,0.3877,-0.7165,0.0174,0.17100839201835744
1.0007630298927588,0.0082329622286917,1.3253,0.0354,0.3877,-0.7165,0.0174,0.13219290854021878
0.9443966138952382,0.1150724581610629,1.3253,0.0354,0.3877,-0.7165,0.0174,0.1065184132227531
1.00382145131532,0.1150533579469737,1.3253,0.0354,0.3877,-0.7165,0.0174,0.1322826156125243
0.9870457228760672,0.1450932215156646,1.3253,0.0354,0.3877,-0.7165,0.0174,0.1244849176220195
1.0290009767755612,0.0138736147836155,1.3253,0.0354,0.3877,-0.7165,0.0174,0.14520771108101196
0.9610231641716082,0.1151215657754297,1.3253,0.0354,0.3877,-0.7165,0.0174,0.11255125677814291
0.9714440707911896,0.1919265908941984,1.3253,0.0354,0.3877,-0.7165,0.0174,0.11867910504986817
1.024992067082941,0.0519598994344117,1.3253,0.0354,0.3877,-0.7165,0.0174,0.14038846232808289
0.9201499530055502,0.0273630751430945,1.3253,0.0354,0.3877,-0.7165,0.0174,0.09638130362526355
1.002733990930533,0.114861823677604,1.3253,0.0354,0.3877,-0.7165,0.0174,0.13186270785388
1.0270786988256182,0.0137504661654275,1.3253,0.0354,0.3877,-0.7165,0.0174,0.144975238690363
0.91038248781401,0.1916990601376437,1.3253,0.0354,0.3877,-0.7165,0.0174,0.10183251143725958
1.087191788104548,0.0713526111601843,1.3253,0.0354,0.3877,-0.7165,0.0174,0.16855646884286044
1.0171363855618156,0.0493982014751278,1.3253,0.0354,0.3877,-0.7165,0.0174,0.14030512901311915
0.9561490919129566,0.0329292761372737,1.3253,0.0354,0.3877,-0.7165,0.0174,0.10933807387584021
1.043342444126718,0.0274846699277918,1.3253,0.0354,0.3877,-0.7165,0.0174,0.15211260856468065
1.0483172572756725,0.051951368175768,1.3253,0.0354,0.3877,-0.7165,0.0174,0.15028518576696887
0.9598731189985812,0.0138251712609996,1.3253,0.0354,0.3877,-0.7165,0.0174,0.11037185823198084
0.9686811741498328,0.0382504621171919,1.3253,0.0354,0.3877,-0.7165,0.0174,0.11120056794118223
0.997913816431803,0.0193330491558443,1.3253,0.0354,0.3877,-0.7165,0.0174,0.13027880580248025
0.9930311135164104,0.0356861726488591,1.3253,0.0354,0.3877,-0.7165,0.0174,0.12810557730155392
0.9766414552253572,0.1535073665742843,1.3253,0.0354,0.3877,-0.7165,0.0174,0.12053175570968425
0.9979651458277442,0.0875698918636005,1.3253,0.0354,0.3877,-0.7165,0.0174,0.12891054888547135
1.0366160032212253,0.1341659552163124,1.3253,0.0354,0.3877,-0.7165,0.0174,0.14728020871169184
0.9279410927458456,0.0766779499693759,1.3253,0.0354,0.3877,-0.7165,0.0174,0.10079851602528127
1.0172580457865508,0.1342329422414785,1.3253,0.0354,0.3877,-0.7165,0.0174,0.1388253931893198
0.9560724009603728,0.0547677399670043,1.3253,0.0354,0.3877,-0.7165,0.0174,0.1068330841193348
0.9561459551043872,0.0958733280894383,1.3253,0.0354,0.3877,-0.7165,0.0174,0.10859194428741101
1.0153677814573288,0.1452275172922465,1.3253,0.0354,0.3877,-0.7165,0.0174,0.13935681411458684
0.9795502729530816,0.013702104352802,1.3253,0.0354,0.3877,-0.7165,0.0174,0.12086738348788773
1.011395409719758,0.0656941120006663,1.3253,0.0354,0.3877,-0.7165,0.0174,0.1347797948966399
1.058232056946658,0.1342703103802565,1.3253,0.0354,0.3877,-0.7165,0.0174,0.15738573671322473
0.9523616018897176,0.1148077587669004,1.3253,0.0354,0.3877,-0.7165,0.0174,0.10786756568830469
0.9736571932786222,0.0765647129105158,1.3253,0.0354,0.3877,-0.7165,0.0174,0.11608849466223155
0.9880820498919068,0.0082039314146616,1.3253,0.0354,0.3877,-0.7165,0.0174,0.10257825607619833
0.9822951314428642,0.0877121540169842,1.3253,0.0354,0.3877,-0.7165,0.0174,0.12271090158409358
0.9637624200000672,0.1918427823892453,1.3253,0.0354,0.3877,-0.7165,0.0174,0.11526624098892957
1.006515922897525,0.145215222577085,1.3253,0.0354,0.3877,-0.7165,0.0174,0.13521951012600186
0.9513058052832593,0.0711539308576755,1.3253,0.0354,0.3877,-0.7165,0.0174,0.10594088575216887
0.9764646229563042,0.0328256255249338,1.3253,0.0354,0.3877,-0.7165,0.0174,0.11429228987366127
0.984341675040851,0.0273601572856306,1.3253,0.0354,0.3877,-0.7165,0.0174,0.11726303491319663
0.99783823779855,0.0876871509968182,1.3253,0.0354,0.3877,-0.7165,0.0174,0.13082628576237218
0.9687789963707052,0.0080812767815623,1.3253,0.0354,0.3877,-0.7165,0.0174,0.09480341115312851
0.9977486094239516,0.0329961582394385,1.3253,0.0354,0.3877,-0.7165,0.0174,0.13048518798254052
0.926950615610774,0.0330200848883285,1.3253,0.0354,0.3877,-0.7165,0.0174,0.10191286160897296
0.998793066885965,0.0082303463558601,1.3253,0.0354,0.3877,-0.7165,0.0174,0.13117954178081775
0.924906559344356,0.0546995336599853,1.3253,0.0354,0.3877,-0.7165,0.0174,0.09958636396898754
0.9812745302346844,0.068496874845321,1.3253,0.0354,0.3877,-0.7165,0.0174,0.12206672797569985
1.0025792364867492,0.054691656026716,1.3253,0.0354,0.3877,-0.7165,0.0174,0.12997542952531038
1.0046312116677485,0.0711351183110262,1.3253,0.0354,0.3877,-0.7165,0.0174,0.1317458134372324
0.9772394834120242,0.0493459986427133,1.3253,0.0354,0.3877,-0.7165,0.0174,0.11976256050015976
1.038468660795296,0.1343394633612815,1.3253,0.0354,0.3877,-0.7165,0.0174,0.14946780516759045
1.0339018380059453,0.0383624157557424,1.3253,0.0354,0.3877,-0.7165,0.0174,0.1481710762619706
0.9888917443614093,0.0547798972314073,1.3253,0.0354,0.3877,-0.7165,0.0174,0.12288655475026052
0.912481341523014,0.134272200059579,1.3253,0.0354,0.3877,-0.7165,0.0174,0.10204600640937217
0.9270706214159404,0.0328269656310697,1.3253,0.0354,0.3877,-0.7165,0.0174,0.09785329695380726
1.0190445701349038,0.1533086528298833,1.3253,0.0354,0.3877,-0.7165,0.0174,0.13981975050255516
0.9278339170617096,0.049369964669287,1.3253,0.0354,0.3877,-0.7165,0.0174,0.10231268653187496
0.9794194115800722,0.0547691618648645,1.3253,0.0354,0.3877,-0.7165,0.0174,0.11794504237659809
0.989158356690751,0.0465820033771247,1.3253,0.0354,0.3877,-0.7165,0.0174,0.1261787636043364
0.9814313454088156,0.1453756356944602,1.3253,0.0354,0.3877,-0.7165,0.0174,0.12276321410162806
0.9870725934456602,0.0163853143909181,1.3253,0.0354,0.3877,-0.7165,0.0174,0.11427536288148842
1.1646647153013758,0.1919072198090543,1.3253,0.0354,0.3877,-0.7165,0.0174,0.1899353753438849
0.9599362237703656,0.1150280241225218,1.3253,0.0354,0.3877,-0.7165,0.0174,0.11073685653768497
1.096874813392546,0.1151480909205067,1.3253,0.0354,0.3877,-0.7165,0.0174,0.17130878940195726
0.98327998654274,0.0274254022750331,1.3253,0.0354,0.3877,-0.7165,0.0174,0.1228912744757744
0.912508049949998,0.0137037296986913,1.3253,0.0354,0.3877,-0.7165,0.0174,0.1021166262751061
0.9823259835432664,0.0492881124370409,1.3253,0.0354,0.3877,-0.7165,0.0174,0.11909498187763405
0.960978882835904,0.0659553215608352,1.3253,0.0354,0.3877,-0.7165,0.0174,0.11166006992312306
1.0037545389199405,0.0522156527271785,1.3253,0.0354,0.3877,-0.7165,0.0174,0.13361864469849943
0.9957890825906894,0.0902854240080191,1.3253,0.0354,0.3877,-0.7165,0.0174,0.12789513003071223
0.9735838807237154,0.0301492395008762,1.3253,0.0354,0.3877,-0.7165,0.0174,0.11772400698553957
0.9308209490600766,0.1450449132248716,1.3253,0.0354,0.3877,-0.7165,0.0174,0.10303675806454457
1.0038525098634583,0.0767472026862624,1.3253,0.0354,0.3877,-0.7165,0.0174,0.13384113898393024
1.003728938888893,0.1918019892758682,1.3253,0.0354,0.3877,-0.7165,0.0174,0.13403801406177723
0.9416139906376748,0.0959737721631266,1.3253,0.0354,0.3877,-0.7165,0.0174,0.10540683227339799
1.0122388539571974,0.0164545526429562,1.3253,0.0354,0.3877,-0.7165,0.0174,0.13807091511399475
0.9630440523834202,0.0766753837374422,1.3253,0.0354,0.3877,-0.7165,0.0174,0.11086339406412535
1.0249499978978085,0.1917467087123244,1.3253,0.0354,0.3877,-0.7165,0.0174,0.1425327913456443
1.0194296799606486,0.0465079536309759,1.3253,0.0354,0.3877,-0.7165,0.0174,0.13740661620382902
0.9872106754668905,0.0274010353486478,1.3253,0.0354,0.3877,-0.7165,0.0174,0.12507762488979393
1.0541512821385275,0.0959527221394621,1.3253,0.0354,0.3877,-0.7165,0.0174,0.15612810411789155
1.0122569738612466,0.0274930884433715,1.3253,0.0354,0.3877,-0.7165,0.0174,0.13787785319666485
0.993055003475911,0.0548146920592871,1.3253,0.0354,0.3877,-0.7165,0.0174,0.12825764498054415
0.916302023246658,0.1452176326249164,1.3253,0.0354,0.3877,-0.7165,0.0174,0.10236459543335075
0.9667906391920154,0.0765353975406579,1.3253,0.0354,0.3877,-0.7165,0.0174,0.11271254997721643
0.9853329331423676,0.1148881753441869,1.3253,0.0354,0.3877,-0.7165,0.0174,0.12311229034321707
1.0221318133780797,0.1917577419609755,1.3253,0.0354,0.3877,-0.7165,0.0174,0.14131932416602938
0.9599884039911972,0.0356741525371117,1.3253,0.0354,0.3877,-0.7165,0.0174,0.11099357728343666
1.0065294353253118,0.0193029569246042,1.3253,0.0354,0.3877,-0.7165,0.0174,0.13482861962148698
0.987299973812556,0.0165482190664785,1.3253,0.0354,0.3877,-0.7165,0.0174,0.1246933934582703
0.9785611444842338,0.0851379399852237,1.3253,0.0354,0.3877,-0.7165,0.0174,0.12061096717817195
0.9687201383725988,0.0190332414310184,1.3253,0.0354,0.3877,-0.7165,0.0174,0.10701138311287858
0.9504271358370452,0.0274273419938615,1.3253,0.0354,0.3877,-0.7165,0.0174,0.10716508003789955
0.9677677669382884,0.0081551489448017,1.3253,0.0354,0.3877,-0.7165,0.0174,0.09395134051958047
0.9666841179481204,0.0465620771964982,1.3253,0.0354,0.3877,-0.7165,0.0174,0.11090405669401202
0.951347851567088,0.0766921814789636,1.3253,0.0354,0.3877,-0.7165,0.0174,0.10613577853845421
1.0047106445619836,0.0712113363625091,1.3253,0.0354,0.3877,-0.7165,0.0174,0.13171438172892816
0.9473408696274126,0.0328847496304619,1.3253,0.0354,0.3877,-0.7165,0.0174,0.106247599397457
1.0229805884237746,0.0301488552004896,1.3253,0.0354,0.3877,-0.7165,0.0174,0.14323342493701618
0.9658003896417388,0.1150320494134564,1.3253,0.0354,0.3877,-0.7165,0.0174,0.11334156080186311
0.9668029848210198,0.0109817118715592,1.3253,0.0354,0.3877,-0.7165,0.0174,0.11403613199851376
0.97950845996938,0.1452162929474157,1.3253,0.0354,0.3877,-0.7165,0.0174,0.1218693757758591
1.019234070777442,0.0519852406523652,1.3253,0.0354,0.3877,-0.7165,0.0174,0.13774011993629817
1.0230286961357309,0.0301879902262974,1.3253,0.0354,0.3877,-0.7165,0.0174,0.1431630351168965
1.0299246968212523,0.1451771852973678,1.3253,0.0354,0.3877,-0.7165,0.0174,0.14448645899909418
1.03075362013521,0.0080469982696912,1.3253,0.0354,0.3877,-0.7165,0.0174,0.12128667345237064
0.9871941475740302,0.0108102797356404,1.3253,0.0354,0.3877,-0.7165,0.0174,0.10902650098752352
1.006559365724017,0.0326825167283892,1.3253,0.0354,0.3877,-0.7165,0.0174,0.12989146896455125
1.1212191952072914,0.1152485965880111,1.3253,0.0354,0.3877,-0.7165,0.0174,0.17896574682893343
1.011410815947726,0.14533462382595,1.3253,0.0354,0.3877,-0.7165,0.0174,0.13747305776451554
0.9766956887665454,0.0192459131798925,1.3253,0.0354,0.3877,-0.7165,0.0174,0.11914738976781056
0.9802978596909993,0.0273482821178884,1.3253,0.0354,0.3877,-0.7165,0.0174,0.11520309911287072
1.0834076261547418,0.1452192051535535,1.3253,0.0354,0.3877,-0.7165,0.0174,0.16639941388421725
0.9813051567391636,0.0137691505938524,1.3253,0.0354,0.3877,-0.7165,0.0174,0.12152505570513303
0.9483012965454576,0.0547402949519487,1.3253,0.0354,0.3877,-0.7165,0.0174,0.10411003634713634
1.0560974792714206,0.0957829696790285,1.3253,0.0354,0.3877,-0.7165,0.0174,0.15479764783016486
0.994956011074137,0.0739355835511371,1.3253,0.0354,0.3877,-0.7165,0.0174,0.1269302384874796
0.9716383698694244,0.0192002501861901,1.3253,0.0354,0.3877,-0.7165,0.0174,0.116602372087095
0.9365036387760932,0.0272295881949531,1.3253,0.0354,0.3877,-0.7165,0.0174,0.09847182998461174
0.9512345227029032,0.0521813677320531,1.3253,0.0354,0.3877,-0.7165,0.0174,0.10761871838254175
0.9746531193179644,0.0547679011012645,1.3253,0.0354,0.3877,-0.7165,0.0174,0.11547607682858088
1.0037290580578817,0.0930683707803352,1.3253,0.0354,0.3877,-0.7165,0.0174,0.1318898784608586
0.9813869294824588,0.0083998829961107,1.3253,0.0354,0.3877,-0.7165,0.0174,0.12054915810978724
1.0542719734601311,0.0383119950146312,1.3253,0.0354,0.3877,-0.7165,0.0174,0.15118593408829395
1.016351122482531,0.0465293618205635,1.3253,0.0354,0.3877,-0.7165,0.0174,0.13595003929560204
0.990185694114384,0.071367509583714,1.3253,0.0354,0.3877,-0.7165,0.0174,0.1266957470467777
0.9522023613374268,0.0384210931948384,1.3253,0.0354,0.3877,-0.7165,0.0174,0.10786094209704407
1.0036895342906509,0.0464500934901586,1.3253,0.0354,0.3877,-0.7165,0.0174,0.1299754744646023
0.9454784083503448,0.145367442576085,1.3253,0.0354,0.3877,-0.7165,0.0174,0.10735227197076878
0.9452875958732672,0.0547045450647052,1.3253,0.0354,0.3877,-0.7165,0.0174,0.10325079184157161
1.0193427768375365,0.0328526155502957,1.3253,0.0354,0.3877,-0.7165,0.0174,0.13556839847645538
0.959085671973223,0.0272853008814117,1.3253,0.0354,0.3877,-0.7165,0.0174,0.10514094822106006
1.1261362140507147,0.0330854540691077,1.3253,0.0354,0.3877,-0.7165,0.0174,0.18145976655425924
1.0075194051074587,0.038270660930285,1.3253,0.0354,0.3877,-0.7165,0.0174,0.13095069126975958
1.0025725521269768,0.0384742077869738,1.3253,0.0354,0.3877,-0.7165,0.0174,0.13302189784659732
1.0125079192837656,0.0958354477715617,1.3253,0.0354,0.3877,-0.7165,0.0174,0.13615253159549034
0.9804353303541824,0.0110042770630318,1.3253,0.0354,0.3877,-0.7165,0.0174,0.12110544235182445
1.0095803566714436,0.0356879978943925,1.3253,0.0354,0.3877,-0.7165,0.0174,0.13663641564746365
0.9455288181388256,0.0191578155379253,1.3253,0.0354,0.3877,-0.7165,0.0174,0.09780189234407356
1.025186874257156,0.1917844729510386,1.3253,0.0354,0.3877,-0.7165,0.0174,0.14364323152373223
0.9658098308419708,0.0137907212617335,1.3253,0.0354,0.3877,-0.7165,0.0174,0.11329432298946938
0.9939730380550994,0.1341396605208293,1.3253,0.0354,0.3877,-0.7165,0.0174,0.12776298429911587
1.0144497906133338,0.049378738610471,1.3253,0.0354,0.3877,-0.7165,0.0174,0.1390423488065112
1.1016914232653825,0.1917230806793231,1.3253,0.0354,0.3877,-0.7165,0.0174,0.1706618770756384
1.0561677672600405,0.0767122731841082,1.3253,0.0354,0.3877,-0.7165,0.0174,0.15435110962736281
1.0482590852872316,0.0082755663571213,1.3253,0.0354,0.3877,-0.7165,0.0174,0.15406455392957144
1.0190686647197795,0.0520355930584345,1.3253,0.0354,0.3877,-0.7165,0.0174,0.13759731743019726
1.0027616788592568,0.0302288020989946,1.3253,0.0354,0.3877,-0.7165,0.0174,0.13312491004244248
0.979420222571004,0.0329274106047548,1.3253,0.0354,0.3877,-0.7165,0.0174,0.12079154049037416
0.9549116093848216,0.0109826215445383,1.3253,0.0354,0.3877,-0.7165,0.0174,0.1086548497006615
0.9744168695407576,0.0385108031145299,1.3253,0.0354,0.3877,-0.7165,0.0174,0.11799686137617212
0.9765838935272358,0.0712667468048969,1.3253,0.0354,0.3877,-0.7165,0.0174,0.11957886887027103
0.9871052656712588,0.1918661763311455,1.3253,0.0354,0.3877,-0.7165,0.0174,0.12612902511168028
0.9910908891378252,0.0493639515506072,1.3253,0.0354,0.3877,-0.7165,0.0174,0.12716379039661307
1.0433839236360058,0.076749949196774,1.3253,0.0354,0.3877,-0.7165,0.0174,0.15194132967584778
0.908494052175863,0.0382614602873908,1.3253,0.0354,0.3877,-0.7165,0.0174,0.0977572324070701
0.9260208714200192,0.0193228450246522,1.3253,0.0354,0.3877,-0.7165,0.0174,0.1015610196020062
0.9220929429611896,0.0272463054406324,1.3253,0.0354,0.3877,-0.7165,0.0174,0.09670303640812548
1.0210972154937443,0.0466569307181857,1.3253,0.0354,0.3877,-0.7165,0.0174,0.14218334037801267
0.9474142393713204,0.0684299011822169,1.3253,0.0354,0.3877,-0.7165,0.0174,0.10454375895936684
0.9414530170265384,0.0520133663302732,1.3253,0.0354,0.3877,-0.7165,0.0174,0.10204021945195688
0.9513235256057994,0.0300977962213508,1.3253,0.0354,0.3877,-0.7165,0.0174,0.10260016804963455
1.0211836264804277,0.0766429459465599,1.3253,0.0354,0.3877,-0.7165,0.0174,0.1397398694888889
0.9550738845032108,0.0682055744864776,1.3253,0.0354,0.3877,-0.7165,0.0174,0.10736417009909387
0.9414683055476232,0.0192137783842339,1.3253,0.0354,0.3877,-0.7165,0.0174,0.10442132987002295
1.0084798752153037,0.0547903086111828,1.3253,0.0354,0.3877,-0.7165,0.0174,0.13275528111927717
0.9909624769090464,0.0467197580089972,1.3253,0.0354,0.3877,-0.7165,0.0174,0.12695478237505817
1.010460353038917,0.0136967234642965,1.3253,0.0354,0.3877,-0.7165,0.0174,0.12278403546080667
0.9996699842710216,0.0656992746270492,1.3253,0.0354,0.3877,-0.7165,0.0174,0.12902053056130536
0.9765284249594208,0.0658788570296012,1.3253,0.0354,0.3877,-0.7165,0.0174,0.11942147836272297
0.9094585092877496,0.1151319061212683,1.3253,0.0354,0.3877,-0.7165,0.0174,0.10177414867018084
0.9433878825971777,0.0166346752396429,1.3253,0.0354,0.3877,-0.7165,0.0174,0.10436610246923032
1.0755788672610995,0.1450397996950934,1.3253,0.0354,0.3877,-0.7165,0.0174,0.1622423806675206
0.9892054298691914,0.0110530373520709,1.3253,0.0354,0.3877,-0.7165,0.0174,0.12559592424174404
1.0270965979747415,0.0165565717361963,1.3253,0.0354,0.3877,-0.7165,0.0174,0.14472295446937777
1.0232104019058477,0.1918807134739754,1.3253,0.0354,0.3877,-0.7165,0.0174,0.14275692748689214
0.9270198981291154,0.0191324443125899,1.3253,0.0354,0.3877,-0.7165,0.0174,0.09457128257820904
0.938600939961535,0.0081773307940352,1.3253,0.0354,0.3877,-0.7165,0.0174,0.0878133372171136
1.0202956524455504,0.0959946036019346,1.3253,0.0354,0.3877,-0.7165,0.0174,0.14167382107529786
0.973605938193332,0.0192495779032961,1.3253,0.0354,0.3877,-0.7165,0.0174,0.11748760629005717
0.9425826207459586,0.0547099909872669,1.3253,0.0354,0.3877,-0.7165,0.0174,0.10252689764067638
0.969744024191118,0.0135970664064873,1.3253,0.0354,0.3877,-0.7165,0.0174,0.10382524660806243
1.1648908061400756,0.0382951616948353,1.3253,0.0354,0.3877,-0.7165,0.0174,0.18633195514036227
1.0142672610089374,0.0658139531786259,1.3253,0.0354,0.3877,-0.7165,0.0174,0.1389374199394176
0.9375554439192604,0.0138447744341046,1.3253,0.0354,0.3877,-0.7165,0.0174,0.10305715719404591
1.023176836632112,0.03824807157657,1.3253,0.0354,0.3877,-0.7165,0.0174,0.13830934553914534
1.0403977941100788,0.0959168538896478,1.3253,0.0354,0.3877,-0.7165,0.0174,0.15056581570359817
0.9911954388399165,0.1452136893857354,1.3253,0.0354,0.3877,-0.7165,0.0174,0.1277258732617244
0.9348895564792624,0.1452329292653814,1.3253,0.0354,0.3877,-0.7165,0.0174,0.10475108451178143
0.9880760143136036,0.0136417584387019,1.3253,0.0354,0.3877,-0.7165,0.0174,0.11250306672319764
0.9880453841863056,0.0108748135484213,1.3253,0.0354,0.3877,-0.7165,0.0174,0.1091053969102432
1.164791421679533,0.0903867686465737,1.3253,0.0354,0.3877,-0.7165,0.0174,0.1892027126664103
0.9775762362223624,0.0465154231261692,1.3253,0.0354,0.3877,-0.7165,0.0174,0.11644159631760008
0.9950865302077208,0.0466528277619047,1.3253,0.0354,0.3877,-0.7165,0.0174,0.1292293667504247
0.916398948783201,0.0959402940134334,1.3253,0.0354,0.3877,-0.7165,0.0174,0.10184579527257837
0.9979825567546978,0.0767971436301513,1.3253,0.0354,0.3877,-0.7165,0.0174,0.1308193266572975
0.9163682648742087,0.1917894032990797,1.3253,0.0354,0.3877,-0.7165,0.0174,0.10296395092104474
0.9744375686000128,0.0875565205339934,1.3253,0.0354,0.3877,-0.7165,0.0174,0.11682155975095908
1.082207875883736,0.0550065298031221,1.3253,0.0354,0.3877,-0.7165,0.0174,0.16684148609378985
0.9949401949120192,0.0547611140796404,1.3253,0.0354,0.3877,-0.7165,0.0174,0.12603401681540002
1.0113465448741925,0.1915379008152323,1.3253,0.0354,0.3877,-0.7165,0.0174,0.13663905240997254
1.1649017497707177,0.016526002001577,1.3253,0.0354,0.3877,-0.7165,0.0174,0.19310221309198716
0.9744709750950694,0.0079991934704594,1.3253,0.0354,0.3877,-0.7165,0.0174,0.09775788622510075
0.9861963529973922,0.076588588012627,1.3253,0.0354,0.3877,-0.7165,0.0174,0.12256858934857962
0.932994276234788,0.145237933979078,1.3253,0.0354,0.3877,-0.7165,0.0174,0.10438202936131917
0.9881693368672226,0.0136888607137173,1.3253,0.0354,0.3877,-0.7165,0.0174,0.11235472720399847
1.0290820720794072,0.0713181224249109,1.3253,0.0354,0.3877,-0.7165,0.0174,0.14575812275324043
1.023092286016875,0.0958560748243479,1.3253,0.0354,0.3877,-0.7165,0.0174,0.14100855713139038
0.9649491201971996,0.0302590844546884,1.3253,0.0354,0.3877,-0.7165,0.0174,0.1131205484017569
0.9504506273931408,0.0165109200705775,1.3253,0.0354,0.3877,-0.7165,0.0174,0.10691297764184664
0.985303173782836,0.0382636423490327,1.3253,0.0354,0.3877,-0.7165,0.0174,0.11970925324301672
1.0212655996187805,0.0081430893115174,1.3253,0.0354,0.3877,-0.7165,0.0174,0.11694670246621189
0.9668104602484848,0.0491907860573582,1.3253,0.0354,0.3877,-0.7165,0.0174,0.11130350850460001
0.9900994151548652,0.0877082532948763,1.3253,0.0354,0.3877,-0.7165,0.0174,0.12681032885905602
0.9677237269816086,0.0493078593713976,1.3253,0.0354,0.3877,-0.7165,0.0174,0.11161200288123824
0.9959463383693328,0.0876024316272937,1.3253,0.0354,0.3877,-0.7165,0.0174,0.12786671400285077
1.0018217923270658,0.019164163910358,1.3253,0.0354,0.3877,-0.7165,0.0174,0.12304002616523352
0.9852203387475952,0.0491925126981359,1.3253,0.0354,0.3877,-0.7165,0.0174,0.12072752654679585
0.9630997829029672,0.0302137117488569,1.3253,0.0354,0.3877,-0.7165,0.0174,0.11232251588771665
0.9920679710739078,0.0657602999523287,1.3253,0.0354,0.3877,-0.7165,0.0174,0.12778264044516635
1.012606587460726,0.0300398933368581,1.3253,0.0354,0.3877,-0.7165,0.0174,0.13206831644312944
0.9940594883643334,0.013725468304996,1.3253,0.0354,0.3877,-0.7165,0.0174,0.1286280374152792
0.98431070910774,0.0766183947016665,1.3253,0.0354,0.3877,-0.7165,0.0174,0.12156183412262277
0.9436064917229864,0.0464832996791656,1.3253,0.0354,0.3877,-0.7165,0.0174,0.10224650178996124
1.1259663898223518,0.0960546416841327,1.3253,0.0354,0.3877,-0.7165,0.0174,0.18071997976358944
1.0714694133955442,0.1917457964767286,1.3253,0.0354,0.3877,-0.7165,0.0174,0.1605704168494881
0.9783571084512434,0.0190495669018973,1.3253,0.0354,0.3877,-0.7165,0.0174,0.11169981384082175
0.9939129413505818,0.0165000554898014,1.3253,0.0354,0.3877,-0.7165,0.0174,0.12843690844422878
0.9824102964476584,0.0740700263250822,1.3253,0.0354,0.3877,-0.7165,0.0174,0.12262724165963876
1.0502114274515202,0.0958776187418652,1.3253,0.0354,0.3877,-0.7165,0.0174,0.15242060048738018
1.030927447190137,0.0164370754513608,1.3253,0.0354,0.3877,-0.7165,0.0174,0.1342052856185968
1.0192409891775651,0.0520005592087145,1.3253,0.0354,0.3877,-0.7165,0.0174,0.1377230149911544
0.9813695826379594,0.145143691152917,1.3253,0.0354,0.3877,-0.7165,0.0174,0.12163500124320674
0.9125913752082484,0.0903242878103943,1.3253,0.0354,0.3877,-0.7165,0.0174,0.10015753940446269
1.0347727423626534,0.0959521959086157,1.3253,0.0354,0.3877,-0.7165,0.0174,0.14814956219828146
0.9695415413853684,0.0546518135005257,1.3253,0.0354,0.3877,-0.7165,0.0174,0.11301495805817746
0.9853255923425324,0.0465035053545583,1.3253,0.0354,0.3877,-0.7165,0.0174,0.12050645891436969
0.9949582566027716,0.0711279495558265,1.3253,0.0354,0.3877,-0.7165,0.0174,0.1268930813423513
0.9677377678311408,0.0384251371859245,1.3253,0.0354,0.3877,-0.7165,0.0174,0.11467992657796823
0.9957383318759128,0.0902765519695966,1.3253,0.0354,0.3877,-0.7165,0.0174,0.1278756900947582
1.0268607968328125,0.1151172771769533,1.3253,0.0354,0.3877,-0.7165,0.0174,0.14461032770123453
0.95721613487171,0.1451606510557967,1.3253,0.0354,0.3877,-0.7165,0.0174,0.11045571735121937
1.0066176293154636,0.0329188506014461,1.3253,0.0354,0.3877,-0.7165,0.0174,0.13520507933551296
0.9588290841839218,0.095773540391156,1.3253,0.0354,0.3877,-0.7165,0.0174,0.10973855687598415
1.0366479057883429,0.1150391425944304,1.3253,0.0354,0.3877,-0.7165,0.0174,0.14713036062989754
0.947437301004006,0.0957508116890199,1.3253,0.0354,0.3877,-0.7165,0.0174,0.10559327046010976
0.9882756420075272,0.0108829774590612,1.3253,0.0354,0.3877,-0.7165,0.0174,0.10917331020298135
0.980276587967202,0.0877041469109163,1.3253,0.0354,0.3877,-0.7165,0.0174,0.1216563713946627
0.9928297019781264,0.0275043920137981,1.3253,0.0354,0.3877,-0.7165,0.0174,0.127861096182601
0.941568826494268,0.0493482861816903,1.3253,0.0354,0.3877,-0.7165,0.0174,0.10478783986014124
0.973616408732573,0.0166263032886168,1.3253,0.0354,0.3877,-0.7165,0.0174,0.11703309842044947
0.954065537240644,0.1449614534532418,1.3253,0.0354,0.3877,-0.7165,0.0174,0.10931339239989259
0.982468711569442,0.0768211920974928,1.3253,0.0354,0.3877,-0.7165,0.0174,0.12266933596107625
0.9462928627560578,0.134111386836658,1.3253,0.0354,0.3877,-0.7165,0.0174,0.10633774824779167
0.9786026721428832,0.068554416647001,1.3253,0.0354,0.3877,-0.7165,0.0174,0.12059754968411632
1.0251041712405422,0.1151181279476124,1.3253,0.0354,0.3877,-0.7165,0.0174,0.14382899990047715
1.1259473548424834,0.1917250750240057,1.3253,0.0354,0.3877,-0.7165,0.0174,0.17802947791349547
0.9541221298424196,0.0192817108145627,1.3253,0.0354,0.3877,-0.7165,0.0174,0.10822289009031921
0.9873097063318088,0.0190148604227348,1.3253,0.0354,0.3877,-0.7165,0.0174,0.11632976695359128
0.9726943985271216,0.1918863398052558,1.3253,0.0354,0.3877,-0.7165,0.0174,0.11927015611210928
1.0133599195016332,0.0079239706735548,1.3253,0.0354,0.3877,-0.7165,0.0174,0.11536011310398263
0.9754016880259816,0.1341230857091759,1.3253,0.0354,0.3877,-0.7165,0.0174,0.11847535412631445
0.993853543648754,0.0739503403946541,1.3253,0.0354,0.3877,-0.7165,0.0174,0.12635342186735815
1.0289872453961817,0.0712559221326972,1.3253,0.0354,0.3877,-0.7165,0.0174,0.14577937487156972
1.0075852446670577,0.0685014321210962,1.3253,0.0354,0.3877,-0.7165,0.0174,0.135727397885813
0.9773707532396078,0.0520660141537357,1.3253,0.0354,0.3877,-0.7165,0.0174,0.11987402272225618
1.0347558557948735,0.0193357630606681,1.3253,0.0354,0.3877,-0.7165,0.0174,0.14808176690466668
0.9639850457060752,0.145267686199838,1.3253,0.0354,0.3877,-0.7165,0.0174,0.11441035512059862
0.975604673156742,0.0905503114997347,1.3253,0.0354,0.3877,-0.7165,0.0174,0.11917806540911435
1.0016588172748622,0.0905375290071203,1.3253,0.0354,0.3877,-0.7165,0.0174,0.1326853302103866
1.082269891415775,0.1452007841247902,1.3253,0.0354,0.3877,-0.7165,0.0174,0.16447762505334554
0.9648274426767692,0.145125133550011,1.3253,0.0354,0.3877,-0.7165,0.0174,0.11370684048393793
0.9502631532332,0.013676010491742,1.3253,0.0354,0.3877,-0.7165,0.0174,0.09582588418692091
0.9103185233347114,0.0082858631082058,1.3253,0.0354,0.3877,-0.7165,0.0174,0.12861800114509975
0.957041727716756,0.0302365859878963,1.3253,0.0354,0.3877,-0.7165,0.0174,0.10958941180743269
1.0046442482595923,0.0109780597606393,1.3253,0.0354,0.3877,-0.7165,0.0174,0.13419761347679002
1.0076231762909338,0.0273334716441355,1.3253,0.0354,0.3877,-0.7165,0.0174,0.12899284908532233
0.9357364029222104,0.0657438283628209,1.3253,0.0354,0.3877,-0.7165,0.0174,0.10153420606897794
0.9697504526399724,0.0192596122592073,1.3253,0.0354,0.3877,-0.7165,0.0174,0.11544442892762236
0.9918102814933246,0.084886616126852,1.3253,0.0354,0.3877,-0.7165,0.0174,0.12566485908604788
1.0066695601431097,0.0165401614594661,1.3253,0.0354,0.3877,-0.7165,0.0174,0.13492535715733156
0.9880640924797216,0.052158806591129,1.3253,0.0354,0.3877,-0.7165,0.0174,0.1254943658757751
0.9824162949446986,0.0548065950241628,1.3253,0.0354,0.3877,-0.7165,0.0174,0.12258902933071499
1.008539762926307,0.0110629145993634,1.3253,0.0354,0.3877,-0.7165,0.0174,0.13565872212116317
1.0104618218793755,0.0165744633628749,1.3253,0.0354,0.3877,-0.7165,0.0174,0.1366898499853569
0.99185658778126,0.0111974184641074,1.3253,0.0354,0.3877,-0.7165,0.0174,0.1262021506148917
1.011562331209738,0.0659144035173081,1.3253,0.0354,0.3877,-0.7165,0.0174,0.13752446754802983
0.9668870536895114,0.0383539983018073,1.3253,0.0354,0.3877,-0.7165,0.0174,0.11018285964552135
0.9493187044042856,0.0383098586792275,1.3253,0.0354,0.3877,-0.7165,0.0174,0.10309429535995256
1.1017091316724332,0.1150329901171677,1.3253,0.0354,0.3877,-0.7165,0.0174,0.17095171118258284
0.9417306753724878,0.0548399062295746,1.3253,0.0354,0.3877,-0.7165,0.0174,0.10488125668411936
1.1259841726851016,0.0546888786191335,1.3253,0.0354,0.3877,-0.7165,0.0174,0.17721936011707257
0.9937764235441814,0.0958657361739368,1.3253,0.0354,0.3877,-0.7165,0.0174,0.12693157734084556
0.9550231954978156,0.0957288265037792,1.3253,0.0354,0.3877,-0.7165,0.0174,0.10823684178365507
0.951287223401415,0.0109972719937393,1.3253,0.0354,0.3877,-0.7165,0.0174,0.10721964484887186
0.996879244309762,0.0328295629574795,1.3253,0.0354,0.3877,-0.7165,0.0174,0.12480712970049837
0.9920218086150384,0.0547008628026008,1.3253,0.0354,0.3877,-0.7165,0.0174,0.12460054258320029
1.0096179426907856,0.087566679010087,1.3253,0.0354,0.3877,-0.7165,0.0174,0.13464421687098782
0.9765627143349676,0.0136555058112558,1.3253,0.0354,0.3877,-0.7165,0.0174,0.10683439750121342
0.9901118903098314,0.1452112822952016,1.3253,0.0354,0.3877,-0.7165,0.0174,0.12718550358518513
1.020203582020199,0.0191767850668758,1.3253,0.0354,0.3877,-0.7165,0.0174,0.13148099210523137
0.9883079155344784,0.0274343429752061,1.3253,0.0354,0.3877,-0.7165,0.0174,0.1255947034326931
0.984167141844028,0.0876622360488982,1.3253,0.0354,0.3877,-0.7165,0.0174,0.12176455449088348
1.0676150881913198,0.0768933686882128,1.3253,0.0354,0.3877,-0.7165,0.0174,0.16136600660282396
0.9718617319068048,0.033003493762528,1.3253,0.0354,0.3877,-0.7165,0.0174,0.11663411021451868
