strikes,log_moneyness,IV
0.9048374180359595,-0.1,0.167645133818404
0.9051816659056315,-0.09961961961961963,0.16755248701287098
0.9055260447453468,-0.09923923923923925,0.16745980473455432
0.9058705546049332,-0.09885885885885887,0.16736708701968744
0.9062151955342376,-0.09847847847847849,0.16727433390504268
0.9065599675831258,-0.09809809809809811,0.16718154542793057
0.9069048708014827,-0.09771771771771773,0.16708872162620503
0.9072499052392122,-0.09733733733733735,0.16699586253826898
0.9075950709462368,-0.09695695695695697,0.16690296820307662
0.9079403679724984,-0.09657657657657658,0.16681003866014
0.9082857963679577,-0.0961961961961962,0.16671707394952973
0.9086313561825946,-0.09581581581581582,0.1666240741118824
0.9089770474664077,-0.09543543543543544,0.16653103918840315
0.9093228702694149,-0.09505505505505506,0.16643796922086992
0.9096688246416531,-0.09467467467467468,0.16634486425164002
0.9100149106331782,-0.0942942942942943,0.16625172432365107
0.9103611282940649,-0.09391391391391392,0.16615854948042696
0.9107074776744073,-0.09353353353353354,0.16606533976608448
0.9110539588243185,-0.09315315315315316,0.1659720952253333
0.9114005717939305,-0.09277277277277278,0.16587881590348336
0.9117473166333945,-0.0923923923923924,0.16578550184645022
0.9120941933928807,-0.09201201201201202,0.1656921531007576
0.9124412021225785,-0.09163163163163164,0.16559876971354145
0.9127883428726963,-0.09125125125125126,0.16550535173255773
0.9131356156934616,-0.09087087087087088,0.16541189920618285
0.913483020635121,-0.09049049049049049,0.1653184121834222
0.9138305577479404,-0.09011011011011011,0.16522489071391278
0.9141782270822046,-0.08972972972972973,0.16513133484792844
0.9145260286882176,-0.08934934934934935,0.16503774463638335
0.9148739626163025,-0.08896896896896897,0.16494412013084075
0.9152220289168017,-0.08858858858858859,0.16485046138351206
0.9155702276400767,-0.08820820820820821,0.16475676844726583
0.9159185588365079,-0.08782782782782783,0.16466304137563337
0.9162670225564951,-0.08744744744744745,0.16456928022281003
0.9166156188504574,-0.08706706706706707,0.16447548504366116
0.9169643477688328,-0.08668668668668669,0.16438165589373116
0.9173132093620788,-0.08630630630630631,0.16428779282924283
0.9176622036806718,-0.08592592592592593,0.16419389590710562
0.9180113307751074,-0.08554554554554555,0.16409996518492082
0.9183605906959008,-0.08516516516516517,0.1640060007209854
0.9187099834935859,-0.0847847847847848,0.1639120025742979
0.9190595092187162,-0.08440440440440442,0.16381797080456398
0.9194091679218642,-0.08402402402402404,0.1637239054722014
0.919758959653622,-0.08364364364364366,0.16362980663834364
0.9201088844646005,-0.08326326326326328,0.16353567436484956
0.92045894240543,-0.08288288288288288,0.1634415087143045
0.9208091335267603,-0.0825025025025025,0.16334730975002631
0.9211594578792601,-0.08212212212212212,0.16325307753607315
0.9215099155136177,-0.08174174174174174,0.16315881213724714
0.9218605064805405,-0.08136136136136136,0.16306451361910132
0.9222112308307553,-0.08098098098098098,0.16297018204794161
0.922562088615008,-0.0806006006006006,0.16287581749083643
0.9229130798840641,-0.08022022022022023,0.16278142001562237
0.9232642046887082,-0.07983983983983985,0.1626869896909063
0.9236154630797442,-0.07945945945945947,0.16259252658607318
0.9239668551079954,-0.07907907907907909,0.16249803077129338
0.9243183808243046,-0.07869869869869871,0.1624035023175251
0.9246700402795337,-0.07831831831831833,0.16230894129652385
0.925021833524564,-0.07793793793793793,0.16221434778084465
0.9253737606102963,-0.07755755755755755,0.16211972184385073
0.9257258215876505,-0.07717717717717718,0.1620250635597188
0.9260780165075662,-0.0767967967967968,0.1619303730034441
0.9264303454210021,-0.07641641641641642,0.16183565025084753
0.9267828083789366,-0.07603603603603604,0.16174089537858052
0.9271354054323669,-0.07565565565565566,0.16164610846413394
0.9274881366323103,-0.07527527527527528,0.16155128958583884
0.9278410020298032,-0.0748948948948949,0.16145643882287974
0.9281940016759015,-0.07451451451451452,0.1613615562552945
0.9285471356216801,-0.07413413413413414,0.1612666419639852
0.928900403918234,-0.07375375375375376,0.1611716960307211
0.9292538066166772,-0.07337337337337338,0.1610767185381473
0.9296073437681434,-0.072992992992993,0.16098170956979
0.9299610154237853,-0.07261261261261262,0.16088666921006323
0.9303148216347757,-0.07223223223223224,0.1607915975442757
0.9306687624523065,-0.07185185185185186,0.16069649465863742
0.9310228379275889,-0.07147147147147148,0.1606013606402651
0.9313770481118541,-0.0710910910910911,0.16050619557718895
0.9317313930563523,-0.07071071071071072,0.1604109995583632
0.9320858728123536,-0.07033033033033034,0.16031577267366587
0.9324404874311472,-0.06994994994994995,0.16022051501391077
0.932795236964042,-0.06956956956956957,0.16012522667085413
0.9331501214623666,-0.06918918918918919,0.16002990773719772
0.933505140977469,-0.06880880880880881,0.1599345583066008
0.9338602955607165,-0.06842842842842843,0.1598391784736824
0.9342155852634962,-0.06804804804804805,0.15974376833403145
0.9345710101372149,-0.06766766766766767,0.15964832798421272
0.9349265702332985,-0.06728728728728729,0.1595528575217734
0.9352822656031928,-0.06690690690690691,0.1594573570452511
0.9356380962983633,-0.06652652652652653,0.1593618266541811
0.9359940623702945,-0.06614614614614615,0.15926626644910258
0.936350163870491,-0.06576576576576576,0.15917067653156738
0.936706400850477,-0.06538538538538538,0.1590750570041447
0.937062773361796,-0.065005005005005,0.15897940797043308
0.9374192814560113,-0.06462462462462462,0.15888372953506244
0.9377759251847059,-0.06424424424424424,0.15878802180370455
0.9381327045994821,-0.06386386386386386,0.15869228488308157
0.9384896197519621,-0.06348348348348348,0.15859651888097068
0.9388466706937878,-0.0631031031031031,0.15850072390621286
0.9392038574766206,-0.06272272272272272,0.1584049000687227
0.9395611801521415,-0.062342342342342344,0.1583090474794927
0.9399186387720513,-0.061961961961961964,0.15821316625060267
0.9402762333880703,-0.061581581581581585,0.15811725649522831
0.9406339640519388,-0.061201201201201205,0.15802131832764804
0.9409918308154165,-0.060820820820820826,0.1579253518632504
0.9413498337302827,-0.060440440440440446,0.15782935721854333
0.9417079728483368,-0.060060060060060066,0.15773333451116098
0.9420662482213975,-0.05967967967967969,0.15763728385987347
0.9424246599013035,-0.0592992992992993,0.15754120538459407
0.9427832079399132,-0.05891891891891892,0.1574450992063849
0.9431418923891044,-0.05853853853853854,0.15734896544747065
0.943500713300775,-0.05815815815815816,0.1572528042312411
0.9438596707268425,-0.05777777777777778,0.15715661568226386
0.9442187647192443,-0.0573973973973974,0.15706039992629037
0.9445779953299372,-0.05701701701701702,0.1569641570902637
0.9449373626108982,-0.05663663663663664,0.1568678873023306
0.9452968666141238,-0.056256256256256264,0.15677159069184596
0.9456565073916304,-0.05587587587587588,0.15667526738938392
0.9460162849954542,-0.0554954954954955,0.1565789175267446
0.946376199477651,-0.05511511511511512,0.15648254123696553
0.9467362508902966,-0.05473473473473474,0.15638613865432788
0.9470964392854865,-0.05435435435435436,0.1562897099143662
0.9474567647153362,-0.05397397397397398,0.1561932551538781
0.947817227231981,-0.0535935935935936,0.15609677451093115
0.9481778268875758,-0.05321321321321322,0.1560002681248744
0.9485385637342955,-0.052832832832832834,0.15590373613634434
0.9488994378243347,-0.052452452452452454,0.15580717868727706
0.9492604492099083,-0.052072072072072075,0.15571059592091677
0.9496215979432505,-0.051691691691691695,0.15561398798182188
0.9499828840766159,-0.051311311311311315,0.15551735501587893
0.9503443076622784,-0.050930930930930936,0.1554206971703086
0.9507058687525324,-0.050550550550550556,0.1553240145936755
0.9510675673996917,-0.05017017017017018,0.15522730743589944
0.9514294036560902,-0.0497897897897898,0.15513057584826392
0.9517913775740818,-0.04940940940940941,0.15503381998342225
0.9521534892060403,-0.04902902902902903,0.15493703999541497
0.9525157386043591,-0.04864864864864865,0.15484023603967143
0.9528781258214519,-0.04826826826826827,0.15474340827302377
0.9532406509097524,-0.04788788788788789,0.15464655685371675
0.9536033139217139,-0.04750750750750751,0.15454968194141472
0.95396611490981,-0.04712712712712713,0.15445278369721524
0.9543290539265339,-0.04674674674674675,0.15435586228365528
0.954692131024399,-0.04636636636636637,0.1542589178647255
0.9550553462559388,-0.04598598598598599,0.1541619506058754
0.9554186996737064,-0.04560560560560561,0.15406496067402797
0.9557821913302753,-0.04522522522522523,0.1539679482375861
0.9561458212782389,-0.04484484484484485,0.1538709134664457
0.9565095895702104,-0.04446446446446447,0.15377385653200437
0.9568734962588231,-0.04408408408408409,0.1536767776071718
0.9572375413967305,-0.04370370370370371,0.15357967686638138
0.9576017250366059,-0.04332332332332333,0.15348255448559875
0.957966047231143,-0.042942942942942944,0.15338541064233427
0.958330508033055,-0.042562562562562564,0.15328824551565237
0.9586951074950756,-0.042182182182182185,0.15319105928618212
0.9590598456699585,-0.041801801801801805,0.15309385213612908
0.9594247226104772,-0.041421421421421425,0.15299662424928534
0.9597897383694256,-0.041041041041041046,0.152899375811038
0.9601548929996174,-0.040660660660660666,0.15280210700838592
0.9605201865538868,-0.04028028028028029,0.15270481802994518
0.9608856190850876,-0.0398998998998999,0.1526075090659608
0.9612511906460941,-0.03951951951951952,0.15251018030832128
0.9616169012898005,-0.03913913913913914,0.1524128319505657
0.9619827510691212,-0.03875875875875876,0.15231546418789654
0.9623487400369908,-0.03837837837837838,0.15221807721719313
0.9627148682463639,-0.037997997997998,0.15212067123701806
0.9630811357502151,-0.03761761761761762,0.15202324644763163
0.9634475426015399,-0.037237237237237236,0.15192580305100387
0.963814088853353,-0.03685685685685686,0.15182834125082434
0.9641807745586897,-0.03647647647647648,0.15173086125251414
0.9645475997706056,-0.0360960960960961,0.15163336326323879
0.9649145645421764,-0.03571571571571572,0.15153584749191631
0.9652816689264978,-0.03533533533533534,0.1514383141492328
0.965648912976686,-0.03495495495495496,0.1513407634476536
0.9660162967458772,-0.03457457457457458,0.1512431956014319
0.9663838202872279,-0.0341941941941942,0.1511456108266257
0.9667514836539147,-0.03381381381381382,0.1510480093411038
0.9671192868991347,-0.03343343343343344,0.15095039136456412
0.9674872300761049,-0.03305305305305306,0.15085275711854
0.967855313238063,-0.03267267267267268,0.15075510682641666
0.9682235364382662,-0.0322922922922923,0.15065744071344095
0.9685918997299928,-0.03191191191191192,0.15055975900673382
0.968960403166541,-0.03153153153153153,0.1504620619353043
0.9693290468012291,-0.03115115115115115,0.15036434973005927
0.969697830687396,-0.03077077077077077,0.15026662262381824
0.9700667548784007,-0.03039039039039039,0.15016888085132357
0.9704358194276225,-0.03001001001001001,0.1500711246492549
0.9708050243884612,-0.02962962962962963,0.1499733542562418
0.9711743698143367,-0.02924924924924925,0.14987556991287382
0.9715438557586893,-0.02886886886886887,0.14977777186171634
0.9719134822749796,-0.028488488488488492,0.1496799603473212
0.9722832494166889,-0.028108108108108112,0.1495821356162408
0.972653157237318,-0.027727727727727733,0.14948429791703938
0.973023205790389,-0.027347347347347353,0.14938644750030844
0.9733933951294438,-0.026966966966966974,0.14928858461867764
0.9737637253080447,-0.026586586586586594,0.14919070952682706
0.9741341963797746,-0.026206206206206215,0.14909282248150316
0.9745048083982368,-0.025825825825825835,0.1489949237415304
0.9748755614170547,-0.025445445445445455,0.14889701356782314
0.9752464554898722,-0.025065065065065062,0.1487990922234019
0.9756174906703539,-0.024684684684684682,0.14870115997340294
0.9759886670121845,-0.024304304304304303,0.14860321708509533
0.9763599845690691,-0.023923923923923923,0.14850526382789048
0.9767314433947335,-0.023543543543543544,0.14840730047335976
0.9771030435429238,-0.023163163163163164,0.14830932729524574
0.9774747850674065,-0.022782782782782784,0.14821134456947377
0.9778466680219685,-0.022402402402402405,0.14811335257417035
0.9782186924604175,-0.022022022022022025,0.14801535158967227
0.9785908584365812,-0.021641641641641646,0.1479173418985433
0.9789631660043081,-0.021261261261261266,0.1478193237855866
0.9793356152174671,-0.020880880880880887,0.14772129753785848
0.9797082061299476,-0.020500500500500507,0.14762326344468335
0.9800809387956595,-0.020120120120120127,0.14752522179766547
0.9804538132685331,-0.019739739739739748,0.14742717289070498
0.9808268296025195,-0.019359359359359368,0.14732911702001156
0.98119998785159,-0.01897897897897899,0.14723105448411775
0.9815732880697366,-0.018598598598598595,0.14713298558389193
0.981946730310972,-0.018218218218218216,0.14703491062255633
0.982320314629329,-0.017837837837837836,0.14693682990569684
0.9826940410788615,-0.017457457457457456,0.14683874374127964
0.9830679097136434,-0.017077077077077077,0.14674065243966464
0.9834419205877697,-0.016696696696696697,0.1466425563136208
0.9838160737553556,-0.016316316316316318,0.1465444556783387
0.9841903692705373,-0.015935935935935938,0.14644635085144675
0.984564807187471,-0.015555555555555559,0.14634824215302283
0.984939387560334,-0.015175175175175179,0.1462501299056135
0.985314110443324,-0.0147947947947948,0.14615201443424328
0.9856889758906593,-0.01441441441441442,0.146053896066433
0.9860639839565791,-0.01403403403403404,0.14595577513221145
0.986439134695343,-0.01365365365365366,0.1458576519641327
0.986814428161231,-0.013273273273273281,0.14575952689728833
0.9871898644085443,-0.012892892892892902,0.14566140026932367
0.9875654434916044,-0.012512512512512522,0.14556327242045258
0.9879411654647535,-0.012132132132132128,0.14546514369346977
0.9883170303823546,-0.011751751751751749,0.14536701443376857
0.9886930382987914,-0.01137137137137137,0.1452688849893545
0.989069189268468,-0.01099099099099099,0.14517075571085972
0.9894454833458094,-0.01061061061061061,0.1450726269515575
0.9898219205852614,-0.01023023023023023,0.14497449906737897
0.9901985010412905,-0.009849849849849851,0.14487637241692525
0.9905752247683836,-0.009469469469469471,0.14477824736148462
0.9909520918210487,-0.009089089089089092,0.14468012426504673
0.9913291022538144,-0.008708708708708712,0.14458200349431702
0.9917062561212302,-0.008328328328328333,0.14448388541873147
0.9920835534778659,-0.007947947947947953,0.14438577041047354
0.9924609943783127,-0.0075675675675675735,0.14428765884448613
0.992838578877182,-0.007187187187187194,0.14418955109848947
0.9932163070291061,-0.006806806806806814,0.14409144755299383
0.9935941788887386,-0.006426426426426435,0.14399334859131604
0.9939721945107531,-0.006046046046046055,0.14389525459959346
0.9943503539498447,-0.005665665665665662,0.1437971659668001
0.9947286572607288,-0.005285285285285282,0.14369908308476015
0.9951071044981419,-0.004904904904904903,0.14360100634816508
0.9954856957168411,-0.004524524524524523,0.14350293615458676
0.9958644309716047,-0.0041441441441441434,0.14340487290449272
0.9962433103172315,-0.003763763763763764,0.1433068170012627
0.9966223338085411,-0.0033833833833833843,0.14320876885120234
0.9970015015003745,-0.0030030030030030047,0.14311072886355833
0.9973808134475929,-0.002622622622622625,0.14301269745053322
0.9977602697050787,-0.0022422422422422456,0.1429146750273015
0.9981398703277351,-0.001861861861861866,0.142816662012024
0.9985196153704864,-0.0014814814814814864,0.1427186588258619
0.9988995048882774,-0.0011011011011011068,0.1426206658929929
0.9992795389360741,-0.0007207207207207272,0.14252268364062642
0.9996597175688635,-0.00034034034034034766,0.14242471249901736
1.0000400408416532,4.004004004003192e-05,0.1423267529014819
1.0004205088094718,0.0004204204204204115,0.14222880528441176
1.000801121527369,0.000800800800800805,0.1421308700872892
1.0011818790504154,0.0011811811811811845,0.14203294775270267
1.0015627814337027,0.0015615615615615641,0.14193503872636012
1.001943828732343,0.0019419419419419437,0.1418371434571055
1.00232502100147,0.0023223223223223233,0.1417392623969316
1.0027063582962379,0.002702702702702703,0.1416413960009968
1.0030878406718224,0.0030830830830830824,0.14154354472763717
1.0034694681834195,0.003463463463463462,0.1414457090383842
1.003851240886247,0.0038438438438438416,0.14134788939797616
1.004233158835543,0.004224224224224221,0.14125008627437474
1.0046152220865672,0.004604604604604601,0.1411523001387797
1.0049974306946,0.00498498498498498,0.14105453146564148
1.0053797847149424,0.00536536536536536,0.14095678073267653
1.0057622842029175,0.0057457457457457395,0.14085904842088237
1.0061449292138684,0.006126126126126119,0.1407613350145502
1.0065277198031601,0.006506506506506499,0.1406636410012808
1.0069106560261782,0.006886886886886878,0.14056596687199682
1.007293737938329,0.007267267267267272,0.14046831312095814
1.007676965595041,0.007647647647647651,0.14037068024577634
1.0080603390517628,0.00802802802802803,0.14027306874742615
1.0084438583639643,0.00840840840840841,0.14017547913026138
1.008827523587137,0.00878878878878879,0.1400779119020283
1.0092113347767926,0.00916916916916917,0.13998036757387805
1.0095952919884648,0.00954954954954955,0.139882846660382
1.0099793952777079,0.009929929929929929,0.13978534967954395
1.0103636447000977,0.010310310310310308,0.13968787715281328
1.0107480403112308,0.010690690690690688,0.13959042960509957
1.011132582166725,0.011071071071071067,0.13949300756478403
1.0115172703222197,0.011451451451451447,0.13939561156373315
1.011902104833375,0.011831831831831827,0.13929824213731248
1.0122870857558721,0.012212212212212206,0.1392008998243987
1.012672213145414,0.012592592592592586,0.1391035851673914
1.013057487057724,0.012972972972972965,0.13900629871222764
1.0134429075485476,0.013353353353353345,0.13890904100839255
1.0138284746736506,0.013733733733733738,0.13881181260893286
1.0142141884888205,0.014114114114114118,0.13871461407046817
1.0146000490498661,0.014494494494494498,0.13861744595320355
1.0149860564126172,0.014874874874874877,0.13852030882094096
1.0153722106329248,0.015255255255255257,0.13842320324109167
1.0157585117666612,0.015635635635635636,0.13832612978468706
1.0161449598697203,0.016016016016016016,0.13822908902639067
1.0165315549980167,0.016396396396396395,0.13813208154450882
1.0169182972074868,0.016776776776776775,0.13803510792100274
1.0173051865540879,0.017157157157157155,0.13793816874149792
1.0176922230937988,0.017537537537537534,0.1378412645952969
1.0180794068826193,0.017917917917917914,0.1377443960753876
1.0184667379765708,0.018298298298298293,0.13764756377845558
1.0188542164316963,0.018678678678678673,0.13755076830489354
1.0192418423040595,0.019059059059059053,0.13745401025881093
1.0196296156497453,0.019439439439439432,0.13735729024804455
1.020017536524861,0.01981981981981981,0.13726060888416738
1.0204056049855343,0.020200200200200205,0.13716396678249876
1.0207938210879144,0.020580580580580585,0.13706736456211338
1.0211821848881721,0.020960960960960964,0.13697080284584967
1.0215706964424995,0.021341341341341344,0.13687428226031917
1.02195935580711,0.021721721721721723,0.13677780343591514
1.0223481630382385,0.022102102102102103,0.13668136700682065
1.022737118192141,0.022482482482482483,0.1365849736110161
1.0231262213250953,0.022862862862862862,0.1364886238902882
1.0235154724934004,0.023243243243243242,0.13639231849023656
1.0239048717533767,0.02362362362362362,0.13629605806028194
1.0242944191613663,0.024004004004004,0.13619984325367201
1.0246841147737324,0.02438438438438438,0.13610367472749
1.0250739586468596,0.02476476476476476,0.13600755314265844
1.0254639508371544,0.025145145145145154,0.13591147916394913
1.025854091401044,0.025525525525525533,0.1358154534599861
1.0262443803949781,0.025905905905905913,0.13571947670325207
1.026634817875427,0.026286286286286292,0.13562354957009462
1.0270254038988826,0.026666666666666672,0.13552767274073088
1.027416138521859,0.02704704704704705,0.13543184689925195
1.027807021800891,0.02742742742742743,0.13533607273362772
1.0281980537925353,0.02780780780780781,0.13524035093571088
1.02858923455337,0.02818818818818819,0.13514468220124148
1.0289805641399947,0.02856856856856857,0.13504906722984886
1.0293720426090305,0.02894894894894895,0.13495350672505713
1.0297636700171202,0.02932932932932933,0.1348580013942857
1.0301554464209282,0.02970970970970971,0.13476255194885275
1.03054737187714,0.030090090090090088,0.13466715910397858
1.0309394464424635,0.030470470470470468,0.13457182357878503
1.0313316701736273,0.030850850850850847,0.13447654609629878
1.031724043127382,0.031231231231231227,0.13438132738345135
1.0321165653604996,0.031611611611611606,0.13428616817108066
1.0325092369297741,0.031991991991991986,0.13419106919393062
1.032902057892021,0.032372372372372366,0.13409603119065075
1.0332950283040767,0.032752752752752745,0.13400105490379724
1.0336881482228002,0.033133133133133125,0.13390614107983015
1.0340814177050717,0.033513513513513504,0.13381129046911278
1.034474836807793,0.033893893893893884,0.1337165038259107
1.0348684055878876,0.03427427427427426,0.13362178190838853
1.0352621241023008,0.03465465465465464,0.13352712547860793
1.035655992407999,0.03503503503503502,0.13343253530252436
1.0360500105619712,0.0354154154154154,0.13333801214998378
1.0364441786212273,0.03579579579579578,0.13324355679471817
1.0368384966427995,0.03617617617617616,0.1331491700143416
1.0372329646837408,0.03655655655655657,0.13305485259034622
1.037627582801127,0.03693693693693695,0.13296060530809506
1.038022351052055,0.03731731731731733,0.13286642895681747
1.0384172694936433,0.03769769769769771,0.13277232432960304
1.0388123381830325,0.03807807807807809,0.13267829222339322
1.0392075571773849,0.03845845845845847,0.1325843334389767
1.039602926533884,0.038838838838838846,0.1324904487809788
1.039998446309736,0.039219219219219226,0.13239663905785493
1.0403941165621682,0.039599599599599605,0.13230290508188144
1.0407899373484295,0.039979979979979985,0.13220924766914552
1.0411859087257913,0.040360360360360364,0.13211566763953653
1.0415820307515464,0.040740740740740744,0.13202216581673398
1.0419783034830092,0.041121121121121124,0.13192874302819868
1.042374726977516,0.0415015015015015,0.13183540010515918
1.0427713012924253,0.04188188188188188,0.13174213788260003
1.043168026485117,0.04226226226226226,0.13164895719925077
1.0435649026129932,0.04264264264264264,0.1315558588975703
1.043961929733477,0.04302302302302302,0.1314628438237345
1.0443591079040146,0.0434034034034034,0.1313699128276217
1.044756437182073,0.04378378378378378,0.1312770667627972
1.0451539176251416,0.04416416416416416,0.13118430648649768
1.0455515492907317,0.04454454454454454,0.13109163285961503
1.045949332236376,0.04492492492492492,0.13099904674668067
1.0463472665196296,0.0453053053053053,0.1309065490158447
1.0467453521980694,0.04568568568568568,0.13081414053886203
1.0471435893292937,0.04606606606606606,0.13072182219107076
1.0475419779709239,0.04644644644644644,0.1306295948513731
1.0479405181806016,0.04682682682682682,0.13053745940221684
1.048339210015992,0.0472072072072072,0.13044541672957244
1.0487380535347812,0.047587587587587576,0.1303534677229135
1.0491370487946776,0.047967967967967956,0.13026161327519345
1.0495361958534117,0.048348348348348336,0.13016985428282346
1.0499354947687356,0.048728728728728715,0.13007819164564857
1.0503349455984234,0.049109109109109095,0.12998662626692417
1.0507345484002717,0.0494894894894895,0.12989515905329083
1.0511343032320983,0.04986986986986988,0.1298037909147473
1.051534210151744,0.05025025025025026,0.12971252276462777
1.0519342692170706,0.05063063063063064,0.12962135551957119
1.0523344804859622,0.05101101101101102,0.12953029009949593
1.0527348440163256,0.0513913913913914,0.12943932742757086
1.0531353598660886,0.05177177177177178,0.12934846843018447
1.0535360280932018,0.05215215215215216,0.12925771403691838
1.0539368487556375,0.05253253253253254,0.12916706518051332
1.0543378219113901,0.05291291291291292,0.12907652279683998
1.054738947618476,0.0532932932932933,0.12898608782486556
1.0551402259349343,0.05367367367367368,0.12889576120662108
1.055541656918825,0.05405405405405406,0.12880554388716922
1.055943240628231,0.05443443443443444,0.12871543681456699
1.0563449771212574,0.054814814814814816,0.12862544093983297
1.0567468664560309,0.055195195195195196,0.12853555721691023
1.0571489086907007,0.055575575575575575,0.12844578660262987
1.057551103883438,0.055955955955955955,0.12835613005667246
1.0579534520924359,0.056336336336336335,0.12826658854153145
1.0583559533759102,0.056716716716716714,0.12817716302247203
1.058758607792098,0.057097097097097094,0.1280878544674928
1.0591614153992597,0.05747747747747747,0.12799866384728356
1.0595643762556768,0.05785785785785785,0.1279095921351848
1.0599674904196532,0.05823823823823823,0.12782064030714388
1.0603707579495159,0.05861861861861861,0.12773180934167397
1.0607741789036127,0.05899899899899899,0.12764310021980713
1.0611777533403144,0.05937937937937937,0.1275545139250525
1.0615814813180142,0.05975975975975975,0.12746605144334722
1.0619853628951268,0.06014014014014013,0.12737771376301302
1.0623893981300898,0.06052052052052051,0.1272895018747064
1.0627935870813627,0.06090090090090089,0.1272014167713722
1.0631979298074272,0.06128128128128127,0.1271134594481926
1.0636024263667874,0.06166166166166165,0.12702563090253954
1.0640070768179695,0.06204204204204203,0.1269379321339216
1.0644118812195222,0.062422422422422436,0.12685036414393322
1.0648168396300162,0.06280280280280282,0.12676292793620392
1.0652219521080446,0.0631831831831832,0.12667562451634268
1.065627218712223,0.06356356356356357,0.12658845489188386
1.0660326395011892,0.06394394394394395,0.12650142007223453
1.0664382145336029,0.06432432432432433,0.12641452106861628
1.0668439438681467,0.06470470470470471,0.1263277588940089
1.067249827563525,0.06508508508508509,0.12624113456309383
1.0676558656784652,0.06546546546546547,0.12615464909219523
1.0680620582717162,0.06584584584584585,0.12606830349922044
1.06846840540205,0.06622622622622623,0.12598209880360065
1.0688749071282604,0.06660660660660661,0.12589603602622856
1.069281563509164,0.06698698698698699,0.12581011618939866
1.0696883746035997,0.06736736736736737,0.12572434031674223
1.0700953404704285,0.06774774774774775,0.12563870943316635
1.070502461168534,0.06812812812812813,0.12555322456478754
1.0709097367568223,0.06850850850850851,0.1254678867388679
1.0713171672942219,0.06888888888888889,0.12538269698374913
1.0717247528396832,0.06926926926926927,0.12529765632878423
1.0721324934521799,0.06964964964964965,0.12521276580427249
1.0725403891907073,0.07003003003003003,0.12512802644138868
1.0729484401142837,0.0704104104104104,0.12504343927211478
1.0733566462819495,0.07079079079079079,0.1249590053291701
1.073765007752768,0.07117117117117117,0.12487472564594064
1.0741735245858248,0.07155155155155155,0.1247906012564065
1.0745821968402276,0.07193193193193193,0.12470663319506997
1.0749910245751069,0.0723123123123123,0.124622822496882
1.0754000078496158,0.07269269269269268,0.1245391701971695
1.0758091467229296,0.07307307307307306,0.12445567733155853
1.0762184412542464,0.07345345345345344,0.12437234493589974
1.0766278915027867,0.07383383383383382,0.12428917404619236
1.0770374975277937,0.0742142142142142,0.1242061656985056
1.077447259388533,0.07459459459459458,0.12412332092890364
1.0778571771442922,0.07497497497497496,0.12404064077336402
1.0782672508543827,0.07535535535535537,0.12395812626769945
1.0786774805781372,0.07573573573573575,0.12387577844747939
1.0790878663749117,0.07611611611611613,0.12379359834794608
1.0794984083040848,0.07649649649649651,0.12371158700393592
1.0799091064250572,0.07687687687687689,0.12362974544979594
1.080319960797253,0.07725725725725727,0.12354807471930088
1.0807309714801177,0.07763763763763765,0.12346657584557093
1.0811421385331206,0.07801801801801803,0.12338524986098609
1.0815534620157528,0.0783983983983984,0.12330409779710216
1.0819649419875288,0.07877877877877879,0.12322312068456455
1.082376578507985,0.07915915915915916,0.12314231955302359
1.082788371636681,0.07953953953953954,0.12306169543104716
1.0832003214331989,0.07991991991991992,0.12298124934603158
1.0836124279571429,0.0803003003003003,0.12290098232411738
1.0840246912681408,0.08068068068068068,0.12282089539009731
1.0844371114258426,0.08106106106106106,0.12274098956732989
1.084849688489921,0.08144144144144144,0.1226612658776483
1.0852624225200715,0.08182182182182182,0.12258172534127085
1.0856753135760124,0.0822022022022022,0.12250236897671014
1.0860883617174844,0.08258258258258258,0.12242319780068263
1.086501567004251,0.08296296296296296,0.12234421282801586
1.0869149294960987,0.08334334334334334,0.12226541507155772
1.0873284492528368,0.08372372372372372,0.12218680554208254
1.087742126334297,0.0841041041041041,0.1221083852481994
1.0881559608003337,0.08448448448448448,0.12203015519625812
1.0885699527108246,0.08486486486486486,0.1219521163902555
1.0889841021256699,0.08524524524524524,0.12187426983174128
1.0893984091047924,0.08562562562562562,0.12179661651972315
1.0898128737081376,0.086006006006006,0.12171915745057355
1.0902274959956746,0.08638638638638638,0.12164189361793108
1.0906422760273946,0.08676676676676676,0.12156482601260919
1.0910572138633117,0.08714714714714714,0.12148795562249748
1.0914723095634629,0.08752752752752752,0.12141128343246649
1.0918875631879081,0.0879079079079079,0.12133481042427094
1.0923029747967303,0.0882882882882883,0.12125853757645444
1.092718544450035,0.08866866866866868,0.12118246586425145
1.0931342722079502,0.08904904904904906,0.12110659625949051
1.0935501581306277,0.08942942942942944,0.12103092973049746
1.0939662022782415,0.08980980980980982,0.12095546724199849
1.094382404710989,0.0901901901901902,0.12088020975502228
1.0947987654890898,0.09057057057057058,0.12080515822680182
1.0952152846727872,0.09095095095095096,0.12073031361067807
1.0956319623223467,0.09133133133133134,0.12065567685600251
1.0960487984980574,0.09171171171171172,0.1205812489080375
1.0964657932602309,0.0920920920920921,0.120507030707861
1.0968829466692016,0.09247247247247248,0.12043302319226723
1.0973002587853273,0.09285285285285286,0.1203592272936699
1.0977177296689888,0.09323323323323324,0.12028564394000392
1.0981353593805894,0.09361361361361362,0.12021227405462845
1.0985531479805555,0.093993993993994,0.12013911855623025
1.0989710955293368,0.09437437437437438,0.12006617835872414
1.0993892020874059,0.09475475475475476,0.11999345437115833
1.099807467715258,0.09513513513513513,0.11992094749761541
1.1002258924734118,0.09551551551551551,0.11984865863711829
1.100644476422409,0.0958958958958959,0.1197765886835302
1.101063219622814,0.09627627627627627,0.11970473852546178
1.1014821221352147,0.09665665665665665,0.11963310904617258
1.1019011840202215,0.09703703703703703,0.11956170112347674
1.1023204053384683,0.09741741741741741,0.11949051562964783
1.1027397861506116,0.09779779779779779,0.11941955343132246
1.1031593265173318,0.09817817817817817,0.11934881538940706
1.1035790264993315,0.09855855855855855,0.11927830235898298
1.1039988861573369,0.09893893893893893,0.11920801518921266
1.1044189055520972,0.09931931931931931,0.11913795472324723
1.1048390847443845,0.09969969969969969,0.11906812179813156
1.1052594237949946,0.10008008008008007,0.11899851724471412
1.1056799227647456,0.10046046046046045,0.11892914188755474
1.1061005817144793,0.10084084084084083,0.11885999654483109
1.1065214007050608,0.10122122122122121,0.11879108202825102
1.1069423797973776,0.10160160160160162,0.11872239914296116
1.1073635190523412,0.101981981981982,0.11865394868745749
1.107784818530886,0.10236236236236237,0.11858573145349491
1.1082062782939692,0.10274274274274275,0.11851774822600321
1.1086278984025715,0.10312312312312313,0.11844999978299517
1.109049678917697,0.10350350350350351,0.11838248689548259
1.1094716199003727,0.10388388388388389,0.1183152103273898
1.1098937214116489,0.10426426426426427,0.11824817083546717
1.110315983512599,0.10464464464464465,0.11818136916920864
1.1107384062643202,0.10502502502502503,0.11811480607076798
1.1111609897279322,0.10540540540540541,0.11804848227487424
1.1115837339645782,0.10578578578578579,0.11798239850875138
1.112006639035425,0.10616616616616617,0.11791655549203847
1.1124297050016623,0.10654654654654655,0.11785095393670725
1.1128529319245033,0.10692692692692693,0.11778559454698438
1.113276319865184,0.10730730730730731,0.11772047801927339
1.1136998688849646,0.10768768768768769,0.11765560504207738
1.1141235790451276,0.10806806806806807,0.1175909762959241
1.1145474504069797,0.10844844844844845,0.1175265924532879
1.1149714830318505,0.10882882882882883,0.11746245417851975
1.1153956769810924,0.10920920920920921,0.11739856212777078
1.1158200323160825,0.10958958958958959,0.1173349169489237
1.1162445490982198,0.10996996996996997,0.11727151928151888
1.1166692273889276,0.11035035035035035,0.11720836975668757
1.1170940672496523,0.11073073073073073,0.1171454689970822
1.1175190687418637,0.1111111111111111,0.11708281761680954
1.1179442319270547,0.11149149149149148,0.11702041622136436
1.118369556866742,0.11187187187187186,0.11695826540756622
1.1187950436224654,0.11225225225225224,0.1168963657634931
1.1192206922557886,0.11263263263263262,0.11683471786842214
1.119646502828298,0.113013013013013,0.11677332229276716
1.120072475401604,0.11339339339339338,0.11671217959801951
1.1204986100373402,0.11377377377377376,0.1166512903366888
1.1209249067971636,0.11415415415415414,0.11659065505224749
1.121351365742755,0.11453453453453455,0.11653027427907395
1.1217779869358182,0.11491491491491493,0.11647014854239815
1.1222047704380806,0.11529529529529531,0.11641027835825103
1.1226317163112935,0.11567567567567569,0.11635066423340902
1.1230588246172313,0.11605605605605607,0.11629130666534726
1.1234860954176917,0.11643643643643645,0.11623220614218964
1.1239135287744964,0.11681681681681683,0.11617336314266126
1.1243411247494906,0.1171971971971972,0.11611477813604326
1.1247688834045422,0.11757757757757759,0.11605645158212913
1.125196804801544,0.11795795795795797,0.1159983839311797
1.1256248890024112,0.11833833833833834,0.11594057562388395
1.1260531360690829,0.11871871871871872,0.11588302709131748
1.1264815460635222,0.1190990990990991,0.11582573875490619
1.1269101190477153,0.11947947947947948,0.11576871102638762
1.1273388550836718,0.11985985985985986,0.11571194430777525
1.1277677542334257,0.12024024024024024,0.11565543899132662
1.1281968165590335,0.12062062062062062,0.11559919545951078
1.1286260421225764,0.121001001001001,0.11554321408497525
1.1290554309861585,0.12138138138138138,0.1154874952305201
1.1294849832119078,0.12176176176176176,0.11543203924906817
1.1299146988619757,0.12214214214214214,0.1153768464836403
1.1303445779985377,0.12252252252252252,0.11532191726732952
1.1307746206837928,0.1229029029029029,0.11526725192327966
1.131204826979963,0.12328328328328328,0.11521285076466414
1.1316351969492948,0.12366366366366366,0.11515871409466434
1.1320657306540582,0.12404404404404404,0.11510484220645383
1.1324964281565468,0.12442442442442442,0.1150512353831812
1.1329272895190778,0.1248048048048048,0.11499789389795358
1.1333583148039923,0.12518518518518518,0.11494481801382593
1.133789504073655,0.12556556556556556,0.11489200798378824
1.1342208573904542,0.12594594594594594,0.11483946405075414
1.134652374816802,0.12632632632632632,0.11478718644755485
1.1350840564151348,0.1267067067067067,0.11473517539693028
1.1355159022479118,0.12708708708708708,0.11468343111152494
1.1359479123776166,0.12746746746746748,0.11463195379388322
1.1363800868667564,0.12784784784784786,0.11458074363644806
1.1368124257778622,0.12822822822822824,0.11452980082156095
1.137244929173489,0.12860860860860862,0.11447912552146128
1.1376775971162152,0.128988988988989,0.11442871789828957
1.138110429668643,0.12936936936936938,0.11437857810409378
1.138543426893399,0.12974974974974976,0.11432870628083225
1.138976588853133,0.13013013013013014,0.11427910256038162
1.1394099156105189,0.13051051051051052,0.11422976706454716
1.1398434072282544,0.1308908908908909,0.11418069990507203
1.1402770637690611,0.13127127127127128,0.1141319011836493
1.1407108852956844,0.13165165165165166,0.11408337099193615
1.1411448718708939,0.13203203203203204,0.11403510941156823
1.1415790235574823,0.13241241241241242,0.11398711651417562
1.142013340418267,0.1327927927927928,0.113939392361404
1.1424478225160888,0.13317317317317318,0.11389193700492986
1.1428824699138127,0.13355355355355356,0.11384475048648318
1.1433172826743274,0.13393393393393394,0.11379783283787262
1.143752260860546,0.13431431431431431,0.11375118408100625
1.1441874045354046,0.1346946946946947,0.11370480422791741
1.1446227137618639,0.13507507507507507,0.1136586932807924
1.1450581886029088,0.13545545545545545,0.11361285123199878
1.1454938291215477,0.13583583583583583,0.11356727806411474
1.145929635380813,0.1362162162162162,0.11352197374996013
1.1463656074437611,0.1365965965965966,0.11347693825262953
1.1468017453734727,0.13697697697697697,0.11343217152552473
1.147238049233052,0.13735735735735735,0.11338767351239139
1.1476745190856277,0.13773773773773773,0.11334344414735455
1.1481111549943521,0.1381181181181181,0.11329948335495858
1.148547957022402,0.1384984984984985,0.11325579105020189
1.1489849252329776,0.13887887887887887,0.11321236713858225
1.1494220596893037,0.13925925925925925,0.11316921151613597
1.149859360454629,0.13963963963963963,0.11312632406948091
1.150296827592226,0.14002002002002,0.11308370467586112
1.1507344611653916,0.14040040040040042,0.11304135320319349
1.1511722612374469,0.1407807807807808,0.11299926951011174
1.1516102278717364,0.14116116116116117,0.11295745344601608
1.1520483611316295,0.14154154154154155,0.11291590485112116
1.1524866610805191,0.14192192192192193,0.11287462355650796
1.1529251277818227,0.1423023023023023,0.11283360938417299
1.1533637612989818,0.1426826826826827,0.11279286214708152
1.1538025616954617,0.14306306306306307,0.1127523816492215
1.154241529034752,0.14344344344344345,0.11271216768565638
1.154680663380367,0.14382382382382383,0.11267222004258352
1.1551199647958446,0.1442042042042042,0.1126325384973876
1.1555594333447465,0.1445845845845846,0.1125931228187003
1.1559990690906596,0.14496496496496497,0.11255397276645712
1.1564388720971943,0.14534534534534535,0.11251508809196027
1.1568788424279852,0.14572572572572573,0.11247646853793394
1.1573189801466914,0.1461061061061061,0.1124381138385909
1.1577592853169962,0.1464864864864865,0.11240002371969104
1.1581997580026069,0.14686686686686687,0.11236219789860666
1.158640398267255,0.14724724724724725,0.1123246360843848
1.159081206174697,0.14762762762762763,0.11228733797781607
1.1595221817887122,0.148008008008008,0.11225030327149167
1.1599633251731056,0.1483883883883884,0.11221353164988102
1.1604046363917058,0.14876876876876877,0.11217702278938947
1.1608461155083656,0.14914914914914915,0.11214077635843316
1.1612877625869626,0.14952952952952953,0.11210479201750341
1.161729577691398,0.1499099099099099,0.11206906941923624
1.162171560885598,0.1502902902902903,0.11203360820848549
1.1626137122335127,0.15067067067067066,0.11199840802239115
1.1630560317991165,0.15105105105105107,0.11196346849045108
1.1634985196464087,0.15143143143143142,0.11192878923459364
1.163941175839412,0.15181181181181183,0.11189436986924921
1.1643840004421742,0.15219219219219218,0.11186021000142386
1.1648269935187674,0.1525725725725726,0.11182630923077462
1.1652701551332878,0.15295295295295294,0.11179266714968082
1.165713485349856,0.15333333333333335,0.11175928334332066
1.1661569842326174,0.1537137137137137,0.11172615738974427
1.1666006518457412,0.1540940940940941,0.11169328885995514
1.1670444882534214,0.15447447447447446,0.11166067731797928
1.1674884935198768,0.15485485485485487,0.1116283223209437
1.1679326677093496,0.15523523523523522,0.11159622341915745
1.1683770108861071,0.15561561561561563,0.11156438015618268
1.1688215231144412,0.15599599599599598,0.11153279206891845
1.1692662044586681,0.15637637637637639,0.11150145868767224
1.169711054983128,0.15675675675675674,0.11147037953624381
1.1701560747521864,0.15713713713713715,0.11143955413200282
1.1706012638302326,0.1575175175175175,0.11140898198596305
1.1710466222816809,0.1578978978978979,0.11137866260286801
1.1714921501709694,0.15827827827827826,0.11134859548126574
1.171937847562562,0.15865865865865866,0.11131878011359009
1.1723837145209455,0.15903903903903902,0.11128921598624084
1.1728297511106325,0.15941941941941942,0.11125990257966337
1.1732759573961598,0.15979979979979983,0.11123083936842654
1.173722333442088,0.16018018018018018,0.11120202582130714
1.1741688793130036,0.1605605605605606,0.1111734614013657
1.1746155950735166,0.16094094094094094,0.11114514556603065
1.1750624807882624,0.16132132132132135,0.11111707776717643
1.1755095365219,0.1617017017017017,0.11108925745120476
1.1759567623391136,0.1620820820820821,0.111061684059126
1.1764041583046125,0.16246246246246246,0.11103435702663689
1.1768517244831296,0.16284284284284287,0.11100727578420584
1.177299460939423,0.16322322322322322,0.11098043975714986
1.1777473677382755,0.16360360360360363,0.11095384836571495
1.178195444944494,0.16398398398398398,0.11092750102516012
1.178643692622911,0.16436436436436438,0.11090139714583311
1.1790921108383827,0.16474474474474474,0.11087553613325489
1.1795406996557907,0.16512512512512514,0.11084991738819783
1.1799894591400406,0.1655055055055055,0.11082454030676521
1.1804383893560633,0.1658858858858859,0.11079940428047312
1.1808874903688142,0.16626626626626625,0.11077450869632949
1.1813367622432733,0.16664664664664666,0.11074985293691257
1.1817862050444454,0.16702702702702701,0.11072543638045301
1.18223581883736,0.16740740740740742,0.11070125840090984
1.1826856036870717,0.16778778778778777,0.11067731836805292
1.183135559658659,0.16816816816816818,0.11065361564753999
1.183585686817226,0.16854854854854853,0.11063014960099535
1.1840359852279012,0.16892892892892894,0.11060691958608877
1.184486454955838,0.1693093093093093,0.11058392495661418
1.1849370960662144,0.1696896896896897,0.11056116506256512
1.1853879086242334,0.17007007007007005,0.11053863925021579
1.1858388926951229,0.17045045045045046,0.11051634686219644
1.186290048344135,0.1708308308308308,0.11049428723756775
1.1867413756365472,0.17121121121121122,0.11047245971190392
1.1871928746376619,0.17159159159159157,0.11045086361736352
1.1876445454128062,0.17197197197197198,0.11042949828276685
1.1880963880273316,0.17235235235235233,0.11040836303367178
1.1885484025466153,0.17273273273273274,0.11038745719244941
1.1890005890360589,0.17311311311311314,0.11036678007835984
1.1894529475610884,0.1734934934934935,0.11034633100762209
1.1899054781871559,0.1738738738738739,0.11032610929349494
1.190358180979737,0.17425425425425425,0.11030611424634496
1.1908110560043337,0.17463463463463466,0.11028634517372146
1.1912641033264715,0.175015015015015,0.11026680138043093
1.1917173230117017,0.17539539539539542,0.11024748216860636
1.1921707151256005,0.17577577577577577,0.11022838683778374
1.1926242797337685,0.17615615615615618,0.1102095146849658
1.1930780169018318,0.17653653653653653,0.11019086500470276
1.1935319266954416,0.17691691691691694,0.11017243708915515
1.1939860091802732,0.1772972972972973,0.11015423022816699
1.1944402644220276,0.1776776776776777,0.11013624370933438
1.1948946924864308,0.17805805805805805,0.11011847681807577
1.1953492934392338,0.17843843843843846,0.11010092883769843
1.195804067346212,0.1788188188188188,0.11008359904947092
1.1962590142731666,0.17919919919919922,0.11006648673268254
1.1967141342859235,0.17957957957957957,0.11004959116472035
1.1971694274503337,0.17995995995995998,0.11003291162112692
1.197624893832273,0.18034034034034033,0.11001644737567202
1.1980805334976428,0.18072072072072073,0.11000019770041371
1.1985363465123688,0.1811011011011011,0.10998416186576745
1.1989923329424028,0.1814814814814815,0.10996833914056646
1.1994484928537208,0.18186186186186185,0.1099527287921298
1.1999048263123242,0.18224224224224225,0.10993733008632126
1.2003613333842396,0.1826226226226226,0.10992214228761323
1.200818014135519,0.183003003003003,0.1099071646591519
1.2012748686322383,0.18338338338338336,0.10989239646281311
1.2017318969405004,0.18376376376376377,0.1098778369592695
1.202189099126432,0.18414414414414412,0.10986348540804473
1.2026464752561852,0.18452452452452453,0.10984934106758028
1.2031040253959373,0.18490490490490488,0.10983540319528567
1.2035617496118913,0.1852852852852853,0.10982167104760565
1.204019647970275,0.1856656656656657,0.1098081438800747
1.2044777205373407,0.18604604604604605,0.10979482094737247
1.2049359673793671,0.18642642642642646,0.1097817015033828
1.2053943885626575,0.1868068068068068,0.109768784801252
1.2058529841535406,0.18718718718718722,0.10975607009344025
1.20631175421837,0.18756756756756757,0.10974355663177915
1.206770698823525,0.18794794794794797,0.10973124366752555
1.2072298180354097,0.18832832832832833,0.10971913045141582
1.207689111920454,0.18870870870870873,0.10970721623371904
1.2081485805451126,0.18908908908908909,0.1096955002642902
1.2086082239758658,0.1894694694694695,0.10968398179261965
1.209068042279219,0.18984984984984984,0.10967266006788759
1.2095280355217028,0.19023023023023025,0.10966153433901454
1.2099882037698735,0.1906106106106106,0.10965060385471034
1.2104485470903124,0.190990990990991,0.10963986786352468
1.2109090655496262,0.19137137137137136,0.10962932561389496
1.211369759214447,0.19175175175175177,0.1096189763541961
1.211830628151432,0.19213213213213212,0.10960881933278972
1.2122916724272643,0.19251251251251253,0.10959885379806653
1.2127528921086521,0.19289289289289288,0.10958907899849935
1.2132142872623286,0.1932732732732733,0.10957949418268421
1.2136758579550528,0.19365365365365364,0.10957009859938857
1.2141376042536092,0.19403403403403405,0.1095608914975928
1.214599526224807,0.1944144144144144,0.1095518721265401
1.2150616239354821,0.1947947947947948,0.10954303973577662
1.2155238974524945,0.19517517517517516,0.1095343935751936
1.2159863468427305,0.19555555555555557,0.10952593289507047
1.2164489721731013,0.19593593593593592,0.10951765694611931
1.2169117735105441,0.19631631631631632,0.10950956497952499
1.217374750922021,0.19669669669669668,0.10950165624698371
1.21783790447452,0.19707707707707708,0.10949393000074628
1.2183012342350543,0.19745745745745744,0.10948638549365484
1.218764740270663,0.19783783783783784,0.10947902197918431
1.21922842264841,0.1982182182182182,0.10947183871148053
1.2196922814353857,0.1985985985985986,0.10946483494539576
1.220156316698705,0.198978978978979,0.1094580099365282
1.220620528505509,0.19935935935935936,0.10945136294126011
1.221084916922964,0.19973973973973977,0.1094448932167904
1.2215494820182624,0.20012012012012012,0.10943860002117387
1.2220142238586214,0.20050050050050053,0.10943248261335045
1.2224791425112842,0.20088088088088088,0.1094265402531897
1.2229442380435196,0.2012612612612613,0.10942077220151294
1.223409510522622,0.20164164164164164,0.10941517772013527
1.223874960015911,0.20202202202202205,0.10940975607189717
1.2243405865907324,0.2024024024024024,0.10940450652069336
1.2248063903144573,0.2027827827827828,0.10939942833150643
1.2252723712544826,0.20316316316316316,0.10939452077043975
1.2257385294782304,0.20354354354354356,0.10938978310474504
1.2262048650531492,0.20392392392392392,0.10938521460285511
1.2266713780467124,0.20430430430430432,0.10938081453441441
1.2271380685264195,0.20468468468468468,0.10937658217030367
1.2276049365597956,0.20506506506506508,0.10937251678267353
1.2280719822143915,0.20544544544544543,0.10936861764496966
1.2285392055577837,0.20582582582582584,0.10936488403196057
1.2290066066575744,0.2062062062062062,0.10936131521976683
1.2294741855813915,0.2065865865865866,0.10935791048588651
1.2299419423968887,0.20696696696696695,0.10935466910921866
1.230409877171745,0.20734734734734736,0.10935159037009527
1.230877989973666,0.2077277277277277,0.10934867355029937
1.2313462808703823,0.20810810810810812,0.10934591793309396
1.2318147499296508,0.20848848848848847,0.10934332280324668
1.2322833972192537,0.20886886886886888,0.10934088744704953
1.2327522228069991,0.20924924924924923,0.10933861115234661
1.2332212267607214,0.20962962962962964,0.10933649320855326
1.23369040914828,0.21001001001001,0.109334532906682
1.2341597700375613,0.2103903903903904,0.10933272953935984
1.2346293094964758,0.21077077077077075,0.10933108240085394
1.2350990275929614,0.21115115115115116,0.10932959078709177
1.235568924394981,0.2115315315315315,0.10932825399567854
1.2360389999705237,0.21191191191191192,0.1093270713259215
1.2365092543876044,0.21229229229229232,0.10932604207884491
1.2369796877142638,0.21267267267267267,0.1093251655572157
1.2374503000185688,0.21305305305305308,0.10932444106555358
1.2379210913686114,0.21343343343343343,0.10932386791016047
1.2383920618325106,0.21381381381381384,0.10932344539912552
1.2388632114784104,0.2141941941941942,0.10932317284235347
1.2393345403744813,0.2145745745745746,0.10932304955157589
1.239806048588919,0.21495495495495495,0.10932307484037068
1.2402777361899466,0.21533533533533536,0.10932324802417501
1.2407496032458114,0.2157157157157157,0.10932356842030691
1.2412216498247879,0.21609609609609612,0.10932403534797552
1.2416938759951759,0.21647647647647647,0.10932464812829665
1.2421662818253016,0.21685685685685688,0.1093254060843093
1.242638867383517,0.21723723723723723,0.10932630854099347
1.2431116327382001,0.21761761761761764,0.10932735482527324
1.243584577957755,0.217997997997998,0.10932854426604208
1.244057703110612,0.2183783783783784,0.10932987619417112
1.2445310082652268,0.21875875875875875,0.10933134994252207
1.245004493490082,0.21913913913913916,0.10933296484595774
1.2454781588536854,0.2195195195195195,0.1093347202413585
1.2459520044245715,0.21989989989989991,0.10933661546763053
1.2464260302713006,0.22028028028028027,0.1093386498657186
1.246900236462459,0.22066066066066067,0.1093408227786208
1.2473746230666598,0.22104104104104103,0.10934313355139028
1.247849190152541,0.22142142142142143,0.10934558153115484
1.2483239377887674,0.22180180180180178,0.1093481660671242
1.2487988660440303,0.2221821821821822,0.1093508865105944
1.2492739749870463,0.22256256256256254,0.10935374221496588
1.249749264686559,0.22294294294294295,0.10935673253574907
1.250224735211337,0.2233233233233233,0.1093598568305695
1.2507003866301762,0.2237037037037037,0.10936311445917915
1.2511762190118985,0.22408408408408406,0.1093665047834715
1.2516522324253512,0.22446446446446447,0.10937002716747539
1.2521284269394086,0.22484484484484488,0.10937368097737843
1.2526048026229708,0.22522522522522523,0.1093774655815147
1.2530813595449646,0.22560560560560564,0.10938138035039763
1.2535580977743421,0.225985985985986,0.10938542465670062
1.2540350173800825,0.2263663663663664,0.10938959787528335
1.254512118431191,0.22674674674674675,0.10939389938318246
1.2549894009966986,0.22712712712712715,0.10939832855963486
1.2554668651456633,0.2275075075075075,0.1094028847860626
1.2559445109471692,0.2278878878878879,0.10940756744610072
1.256422338470326,0.22826826826826827,0.1094123759255809
1.2569003477842704,0.22864864864864867,0.10941730961255207
1.2573785389581653,0.22902902902902902,0.10942236789727953
1.2578569120612,0.22940940940940943,0.10942755017224591
1.2583354671625895,0.22978978978978978,0.10943285583216192
1.2588142043315758,0.2301701701701702,0.10943828427396618
1.259293123637427,0.23055055055055054,0.10944383489682509
1.2597722251494377,0.23093093093093095,0.10944950710214879
1.2602515089369282,0.2313113113113113,0.10945530029358255
1.2607309750692464,0.2316916916916917,0.10946121387701073
1.2612106236157656,0.23207207207207206,0.10946724726056528
1.2616904546458856,0.23245245245245247,0.10947339985462667
1.2621704682290331,0.23283283283283282,0.1094796710718228
1.2626506644346607,0.23321321321321323,0.10948606032703392
1.2631310433322476,0.23359359359359358,0.10949256703739056
1.2636116049912995,0.233973973973974,0.1094991906222844
1.2640923494813487,0.23435435435435434,0.10950593050335768
1.2645732768719535,0.23473473473473475,0.10951278610451604
1.265054387232699,0.2351151151151151,0.10951975685191954
1.2655356806331965,0.2354954954954955,0.10952684217398805
1.2660171571430845,0.23587587587587586,0.10953404150140576
1.2664988168320268,0.23625625625625626,0.10954135426711599
1.2669806597697149,0.23663663663663662,0.10954877990632114
1.267462686025866,0.23701701701701702,0.10955631785648673
1.2679448956702242,0.23739739739739738,0.10956396755733996
1.26842728877256,0.23777777777777778,0.10957172845087006
1.2689098654026707,0.2381581581581582,0.1095795999813239
1.2693926256303796,0.23853853853853854,0.1095875815952105
1.2698755695255373,0.23891891891891895,0.10959567274130108
1.27035869715802,0.2392992992992993,0.10960387287061703
1.2708420085977317,0.2396796796796797,0.10961218143644949
1.271325503914602,0.24006006006006006,0.10962059789433096
1.2718091831785876,0.24044044044044047,0.10962912170206184
1.2722930464596716,0.24082082082082082,0.10963775231969032
1.272777093827864,0.24120120120120123,0.10964648920951685
1.273261325353201,0.24158158158158158,0.10965533183608932
1.2737457411057458,0.24196196196196199,0.1096642796662086
1.274230341155588,0.24234234234234234,0.10967333216891932
1.2747151255728444,0.24272272272272274,0.10968248881550909
1.2752000944276576,0.2431031031031031,0.1096917490795035
1.2756852477901977,0.2434834834834835,0.109701112436672
1.276170585730661,0.24386386386386386,0.10971057836501825
1.2766561083192707,0.24424424424424426,0.10972014634478029
1.2771418156262768,0.24462462462462461,0.10972981585842521
1.277627707721956,0.24500500500500502,0.10973958639064717
1.2781137846766113,0.24538538538538537,0.10974945742836423
1.2786000465605731,0.24576576576576578,0.10975942846072041
1.2790864934441983,0.24614614614614613,0.10976949897906517
1.2795731253978704,0.24652652652652654,0.10977966847697983
1.2800599424919996,0.2469069069069069,0.10978993645024042
1.2805469447970235,0.2472872872872873,0.10980030239684128
1.2810341323834058,0.24766766766766765,0.10981076581696939
1.2815215053216373,0.24804804804804806,0.10982132621302325
1.2820090636822359,0.2484284284284284,0.10983198308958142
1.2824968075357457,0.24880880880880882,0.10984273595342613
1.2829847369527383,0.24918918918918917,0.1098535843135257
1.2834728520038114,0.24956956956956958,0.1098645276810175
1.2839611527595904,0.24994994994994993,0.10987556556923632
1.2844496392907272,0.25033033033033036,0.10988669749367633
1.2849383116679003,0.2507107107107107,0.1098979229720062
1.2854271699618154,0.25109109109109107,0.109909241524057
1.285916214243205,0.25147147147147153,0.10992065267182527
1.2864054445828286,0.2518518518518519,0.10993215593945209
1.2868948610514725,0.25223223223223223,0.10994375085323921
1.28738446371995,0.2526126126126126,0.1099554369416258
1.2878742526591018,0.25299299299299305,0.10996721373518967
1.2883642279397942,0.2533733733733734,0.10997908076665476
1.2888543896329219,0.25375375375375375,0.10999103757086294
1.289344737809406,0.2541341341341341,0.11000308368477936
1.2898352725401947,0.25451451451451457,0.11001521864750115
1.2903259938962628,0.2548948948948949,0.11002744200022344
1.2908169019486124,0.25527527527527527,0.11003975328625881
1.2913079967682728,0.2556556556556556,0.11005215205101615
1.2917992784263002,0.2560360360360361,0.11006463784201012
1.2922907469937774,0.25641641641641644,0.11007721020883561
1.292782402541815,0.2567967967967968,0.11008986870317937
1.2932742451415502,0.25717717717717714,0.11010261287880531
1.2937662748641474,0.2575575575575576,0.11011544229155013
1.2942584917807975,0.25793793793793796,0.11012835649932208
1.2947508959627194,0.2583183183183183,0.11014135506208826
1.2952434874811587,0.25869869869869866,0.11015443754186648
1.2957362664073881,0.2590790790790791,0.1101676035027361
1.2962292328127074,0.2594594594594595,0.11018085251080768
1.2967223867684432,0.2598398398398398,0.11019418413423428
1.29721572834595,0.2602202202202202,0.11020759794320645
1.297709257616609,0.26060060060060064,0.1102210935099269
1.298202974651828,0.260980980980981,0.11023467040862374
1.2986968795230431,0.26136136136136134,0.11024832821554131
1.299190972301717,0.2617417417417417,0.11026206650891947
1.2996852530593395,0.26212212212212216,0.11027588486900174
1.3001797218674276,0.2625025025025025,0.11028978287803116
1.3006743787975257,0.26288288288288286,0.11030376012022977
1.3011692239212054,0.2632632632632632,0.11031781618179695
1.3016642573100654,0.2636436436436437,0.11033195065091225
1.3021594790357316,0.26402402402402403,0.11034616311772404
1.3026548891698573,0.2644044044044044,0.11036045317432733
1.3031504877841231,0.26478478478478484,0.11037482041477974
1.3036462749502369,0.2651651651651652,0.1103892644350886
1.3041422507399334,0.26554554554554555,0.1104037848331943
1.3046384152249753,0.2659259259259259,0.11041838120897263
1.3051347684771522,0.26630630630630636,0.11043305316422725
1.3056313105682809,0.2666866866866867,0.11044780030268006
1.306128041570206,0.26706706706706707,0.11046262222996905
1.3066249615547985,0.2674474474474474,0.11047751855362185
1.3071220705939581,0.2678278278278279,0.11049248888309149
1.307619368759611,0.26820820820820823,0.11050753282970684
1.3081168561237102,0.2685885885885886,0.11052265000667576
1.3086145327582377,0.26896896896896894,0.11053784002910204
1.3091123987352016,0.2693493493493494,0.11055310251394614
1.3096104541266373,0.26972972972972975,0.11056843708003919
1.3101086990046087,0.2701101101101101,0.11058384334807522
1.3106071334412062,0.27049049049049045,0.11059932094058038
1.3111057575085479,0.2708708708708709,0.11061486948194096
1.3116045712787794,0.27125125125125127,0.11063048859837543
1.3121035748240735,0.2716316316316316,0.11064617791792679
1.3126027682166308,0.27201201201201197,0.11066193707046576
1.3131021515286792,0.27239239239239244,0.11067776568767833
1.313601724832474,0.2727727727727728,0.1106936634030452
1.3141014882002982,0.27315315315315314,0.1107096298518701
1.314601441704462,0.2735335335335335,0.11072566467123082
1.3151015854173038,0.27391391391391395,0.11074176750000285
1.3156019194111883,0.2742942942942943,0.11075793797883901
1.316102443758509,0.27467467467467466,0.11077417575016288
1.3166031585316857,0.275055055055055,0.11079048045816974
1.3171040638031675,0.27543543543543547,0.11080685174879262
1.317605159645429,0.2758158158158158,0.11082328926974346
1.318106446130974,0.2761961961961962,0.11083979267046004
1.318607923332333,0.27657657657657664,0.11085636160212671
1.319109591322064,0.276956956956957,0.11087299571764499
1.3196114501727536,0.27733733733733734,0.11088969467165583
1.3201134999570152,0.2777177177177177,0.11090645812050176
1.3206157407474899,0.27809809809809816,0.11092328572223291
1.3211181726168466,0.2784784784784785,0.11094017713661562
1.3216207956377815,0.27885885885885886,0.1109571320250921
1.3221236098830191,0.2792392392392392,0.11097415005080526
1.3226266154253112,0.2796196196196197,0.1109912308785684
1.3231298123374369,0.28,0.11100837417487472
